FT & Debug Time between Rdpts_norm,Quantity_norm,Readpoint Duration_norm,Slots Use_norm,Sockets per BIB_norm,System Config_ABI,System Config_HPB4,System Config_HPB5,System Config_nan,Tray Type_ABI,Tray Type_HFTT,Tray Type_HPB5C,Tray Type_Std TT,Tray Type_nan,day_of_week,is_weekend,total_duration_hours,kmeans_cluster,dbscan_cluster
0.12849068394369478,-0.15081995004538867,-0.48146848699039874,-1.3810953937549504,1.7207302088359082,0,1,0,0,0,0,0,1,0,0,0,4392.0,1,-1
0.12849068394369478,-0.15081995004538867,0.13687525967952896,-1.3810953937549504,1.7207302088359082,0,1,0,0,0,0,0,1,0,0,0,4392.0,1,-1
-0.7749678202783598,-0.5168618629823947,-0.7185002565472043,-1.1801688747243215,0.6062264889591121,0,1,0,0,0,0,0,1,0,5,1,1344.0,0,0
-0.7749678202783598,-0.5168618629823947,-0.48146848699039874,-1.1801688747243215,0.6062264889591121,0,1,0,0,0,0,0,1,0,5,1,1344.0,0,0
-0.7749678202783598,-0.5168618629823947,0.13687525967952896,-1.1801688747243215,0.6062264889591121,0,1,0,0,0,0,0,1,0,5,1,1344.0,0,-1
-0.7749678202783598,-0.5168618629823947,1.8476262921329956,-1.1801688747243215,0.6062264889591121,0,1,0,0,0,0,0,1,0,5,1,1344.0,0,-1
-0.7749678202783598,-0.5168618629823947,-0.7185002565472043,-1.1801688747243215,0.6062264889591121,0,1,0,0,0,0,0,1,0,5,1,1344.0,0,0
-0.7749678202783598,-0.5168618629823947,-0.48146848699039874,-1.1801688747243215,0.6062264889591121,0,1,0,0,0,0,0,1,0,5,1,1344.0,0,0
-0.7749678202783598,-0.5168618629823947,0.13687525967952896,-1.1801688747243215,0.6062264889591121,0,1,0,0,0,0,0,1,0,5,1,1344.0,0,-1
-0.7749678202783598,-0.5168618629823947,1.8476262921329956,-1.1801688747243215,0.6062264889591121,0,1,0,0,0,0,0,1,0,5,1,1344.0,0,-1
-0.7749678202783598,-0.5168618629823947,-0.7185002565472043,-1.1801688747243215,0.6062264889591121,0,1,0,0,0,0,0,1,0,5,1,1344.0,0,0
-0.7749678202783598,-0.5168618629823947,-0.48146848699039874,-1.1801688747243215,0.6062264889591121,0,1,0,0,0,0,0,1,0,5,1,1344.0,0,0
-0.7749678202783598,-0.5168618629823947,0.13687525967952896,-1.1801688747243215,0.6062264889591121,0,1,0,0,0,0,0,1,0,5,1,1344.0,0,-1
-0.7749678202783598,-0.5168618629823947,1.8476262921329956,-1.1801688747243215,0.6062264889591121,0,1,0,0,0,0,0,1,0,5,1,1344.0,0,-1
1.4836784402767766,-0.43842431021017914,-0.5175385388794779,-1.0997982671120698,0.6062264889591121,0,1,0,0,0,0,0,1,0,1,0,2184.0,3,-1
1.4836784402767766,-0.43842431021017914,-0.08985078076611118,-1.0997982671120698,0.6062264889591121,0,1,0,0,0,0,0,1,0,1,0,2184.0,3,-1
1.4836784402767766,-0.04623654634910123,-0.48146848699039874,0.7085404041635911,-0.508277230917684,0,1,0,0,0,0,0,1,0,1,0,2184.0,3,-1
1.4836784402767766,-0.43842431021017914,-0.5175385388794779,-1.3409100899488247,1.7207302088359082,0,1,0,0,0,0,0,1,0,1,0,2184.0,3,-1
1.4836784402767766,-0.43842431021017914,-0.08985078076611118,-1.3409100899488247,1.7207302088359082,0,1,0,0,0,0,0,1,0,1,0,2184.0,3,-1
1.4836784402767766,-0.04623654634910123,-0.48146848699039874,2.5570643792453778,-0.508277230917684,0,1,0,0,0,1,0,0,0,1,0,2184.0,3,-1
0.12849068394369478,-1.4842583471730535,0.13687525967952896,1.2711346574493523,-1.065529090856082,0,1,0,0,0,1,0,0,0,5,1,720.0,4,-1
0.12849068394369478,-1.4842583471730535,0.13687525967952896,1.2711346574493523,-1.065529090856082,0,1,0,0,0,1,0,0,0,1,0,696.0,4,-1
0.12849068394369478,-0.9613413286916164,0.13687525967952896,1.2711346574493523,-1.065529090856082,0,1,0,0,0,1,0,0,0,3,0,216.0,2,-1
0.12849068394369478,-0.9613413286916164,0.13687525967952896,1.2711346574493523,-1.065529090856082,0,1,0,0,0,1,0,0,0,0,0,240.0,2,-1
0.12849068394369478,-0.9613413286916164,0.13687525967952896,1.2711346574493523,-1.065529090856082,0,1,0,0,0,1,0,0,0,4,0,192.0,2,-1
0.12849068394369478,-0.9613413286916164,0.13687525967952896,1.2711346574493523,-1.065529090856082,0,1,0,0,0,1,0,0,0,3,0,216.0,2,-1
0.12849068394369478,-0.5691535648305385,-0.48146848699039874,1.2711346574493523,-1.065529090856082,0,1,0,0,0,1,0,0,0,3,0,744.0,4,-1
0.12849068394369478,-0.5691535648305385,0.13687525967952896,1.2711346574493523,-1.065529090856082,0,1,0,0,0,1,0,0,0,3,0,744.0,4,-1
0.12849068394369478,-0.5691535648305385,1.8682377503553265,1.2711346574493523,-1.065529090856082,0,1,0,0,0,1,0,0,0,3,0,744.0,4,-1
0.12849068394369478,-0.5691535648305385,-0.48146848699039874,1.2711346574493523,-1.065529090856082,0,1,0,0,0,1,0,0,0,6,1,720.0,4,-1
0.12849068394369478,-0.5691535648305385,0.13687525967952896,1.2711346574493523,-1.065529090856082,0,1,0,0,0,1,0,0,0,6,1,720.0,4,-1
0.12849068394369478,-0.5691535648305385,1.8682377503553265,1.2711346574493523,-1.065529090856082,0,1,0,0,0,1,0,0,0,6,1,720.0,4,-1
0.12849068394369478,-0.5691535648305385,-0.48146848699039874,1.2711346574493523,-1.065529090856082,0,1,0,0,0,1,0,0,0,1,0,696.0,4,-1
0.12849068394369478,-0.5691535648305385,0.13687525967952896,1.2711346574493523,-1.065529090856082,0,1,0,0,0,1,0,0,0,1,0,696.0,4,-1
0.12849068394369478,-0.5691535648305385,1.8682377503553265,1.2711346574493523,-1.065529090856082,0,1,0,0,0,1,0,0,0,1,0,696.0,4,-1
0.12849068394369478,-0.8829037759194007,-0.48146848699039874,0.4674285813268363,-0.508277230917684,0,1,0,0,0,1,0,0,0,3,0,720.0,4,-1
0.12849068394369478,-0.8829037759194007,0.13687525967952896,0.4674285813268363,-0.508277230917684,0,1,0,0,0,1,0,0,0,3,0,720.0,4,-1
0.12849068394369478,-0.8829037759194007,1.8682377503553265,0.4674285813268363,-0.508277230917684,0,1,0,0,0,1,0,0,0,3,0,720.0,4,-1
0.12849068394369478,-0.8829037759194007,-0.48146848699039874,0.4674285813268363,-0.508277230917684,0,1,0,0,0,1,0,0,0,6,1,1008.0,8,-1
0.12849068394369478,-0.8829037759194007,0.13687525967952896,0.4674285813268363,-0.508277230917684,0,1,0,0,0,1,0,0,0,6,1,1008.0,8,-1
0.12849068394369478,-0.8829037759194007,1.8682377503553265,0.4674285813268363,-0.508277230917684,0,1,0,0,0,1,0,0,0,6,1,1008.0,8,-1
0.12849068394369478,-0.8829037759194007,-0.48146848699039874,0.4674285813268363,-0.508277230917684,0,1,0,0,0,1,0,0,0,6,1,1008.0,8,-1
0.12849068394369478,-0.8829037759194007,0.13687525967952896,0.4674285813268363,-0.508277230917684,0,1,0,0,0,1,0,0,0,6,1,1008.0,8,-1
0.12849068394369478,-0.8829037759194007,1.8682377503553265,0.4674285813268363,-0.508277230917684,0,1,0,0,0,1,0,0,0,6,1,1008.0,8,-1
0.12849068394369478,-0.8829037759194007,-0.48146848699039874,0.4674285813268363,-0.508277230917684,0,1,0,0,0,1,0,0,0,6,1,1080.0,8,-1
0.12849068394369478,-0.8829037759194007,0.13687525967952896,0.4674285813268363,-0.508277230917684,0,1,0,0,0,1,0,0,0,6,1,1080.0,8,-1
0.12849068394369478,-0.8829037759194007,1.8682377503553265,0.4674285813268363,-0.508277230917684,0,1,0,0,0,1,0,0,0,6,1,1080.0,8,-1
0.12849068394369478,-0.8829037759194007,-0.48146848699039874,0.4674285813268363,-0.508277230917684,0,1,0,0,0,1,0,0,0,2,0,1056.0,8,-1
0.12849068394369478,-0.8829037759194007,0.13687525967952896,0.4674285813268363,-0.508277230917684,0,1,0,0,0,1,0,0,0,2,0,1056.0,8,-1
0.12849068394369478,-0.8829037759194007,1.8682377503553265,0.4674285813268363,-0.508277230917684,0,1,0,0,0,1,0,0,0,2,0,1056.0,8,-1
0.12849068394369478,-0.8829037759194007,-0.48146848699039874,0.4674285813268363,-0.508277230917684,0,1,0,0,0,1,0,0,0,2,0,1056.0,8,-1
0.12849068394369478,-0.8829037759194007,0.13687525967952896,0.4674285813268363,-0.508277230917684,0,1,0,0,0,1,0,0,0,2,0,1056.0,8,-1
0.12849068394369478,-0.8829037759194007,1.8682377503553265,0.4674285813268363,-0.508277230917684,0,1,0,0,0,1,0,0,0,2,0,1056.0,8,-1
0.12849068394369478,-0.8829037759194007,-0.48146848699039874,0.4674285813268363,-0.508277230917684,0,1,0,0,0,1,0,0,0,4,0,1080.0,8,-1
0.12849068394369478,-0.8829037759194007,0.13687525967952896,0.4674285813268363,-0.508277230917684,0,1,0,0,0,1,0,0,0,4,0,1080.0,8,-1
0.12849068394369478,-0.8829037759194007,1.8682377503553265,0.4674285813268363,-0.508277230917684,0,1,0,0,0,1,0,0,0,4,0,1080.0,8,-1
0.12849068394369478,-0.5691535648305385,-0.48146848699039874,0.4674285813268363,-0.508277230917684,0,1,0,0,0,1,0,0,0,0,0,2184.0,3,-1
0.12849068394369478,-0.5691535648305385,0.13687525967952896,0.4674285813268363,-0.508277230917684,0,1,0,0,0,1,0,0,0,0,0,2184.0,3,-1
0.12849068394369478,-0.5691535648305385,1.8682377503553265,0.4674285813268363,-0.508277230917684,0,1,0,0,0,1,0,0,0,0,0,2184.0,3,-1
0.12849068394369478,-0.5691535648305385,-0.48146848699039874,0.4674285813268363,-0.508277230917684,0,1,0,0,0,1,0,0,0,0,0,2184.0,3,-1
0.12849068394369478,-0.5691535648305385,0.13687525967952896,0.4674285813268363,-0.508277230917684,0,1,0,0,0,1,0,0,0,0,0,2184.0,3,-1
0.12849068394369478,-0.5691535648305385,1.8682377503553265,0.4674285813268363,-0.508277230917684,0,1,0,0,0,1,0,0,0,0,0,2184.0,3,-1
0.12849068394369478,-0.5691535648305385,-0.48146848699039874,0.4674285813268363,-0.508277230917684,0,1,0,0,0,1,0,0,0,0,0,2184.0,3,-1
0.12849068394369478,-0.5691535648305385,0.13687525967952896,0.4674285813268363,-0.508277230917684,0,1,0,0,0,1,0,0,0,0,0,2184.0,3,-1
0.12849068394369478,-0.5691535648305385,1.8682377503553265,0.4674285813268363,-0.508277230917684,0,1,0,0,0,1,0,0,0,0,0,2184.0,3,-1
0.12849068394369478,-0.8829037759194007,-0.48146848699039874,-0.5372040138263087,-0.508277230917684,0,1,0,0,0,1,0,0,0,5,1,2280.0,3,-1
0.12849068394369478,-0.8829037759194007,0.13687525967952896,-0.5372040138263087,-0.508277230917684,0,1,0,0,0,1,0,0,0,5,1,2280.0,3,-1
0.12849068394369478,-0.8829037759194007,1.8682377503553265,-0.5372040138263087,-0.508277230917684,0,1,0,0,0,1,0,0,0,5,1,2280.0,3,-1
0.12849068394369478,-0.8829037759194007,-0.48146848699039874,-0.5372040138263087,-0.508277230917684,0,1,0,0,0,1,0,0,0,6,1,1656.0,6,-1
0.12849068394369478,-0.8829037759194007,0.13687525967952896,-0.5372040138263087,-0.508277230917684,0,1,0,0,0,1,0,0,0,6,1,1656.0,6,-1
0.12849068394369478,-0.8829037759194007,1.8682377503553265,-0.5372040138263087,-0.508277230917684,0,1,0,0,0,1,0,0,0,6,1,1656.0,6,-1
0.12849068394369478,-0.8829037759194007,-0.48146848699039874,-0.5372040138263087,-0.508277230917684,0,1,0,0,0,1,0,0,0,2,0,1512.0,0,-1
0.12849068394369478,-0.8829037759194007,0.13687525967952896,-0.5372040138263087,-0.508277230917684,0,1,0,0,0,1,0,0,0,2,0,1512.0,0,-1
0.12849068394369478,-0.8829037759194007,1.8682377503553265,-0.5372040138263087,-0.508277230917684,0,1,0,0,0,1,0,0,0,2,0,1512.0,0,-1
0.12849068394369478,-0.8829037759194007,-0.48146848699039874,-0.5372040138263087,-0.508277230917684,0,1,0,0,0,1,0,0,0,2,0,1512.0,0,-1
0.12849068394369478,-0.8829037759194007,0.13687525967952896,-0.5372040138263087,-0.508277230917684,0,1,0,0,0,1,0,0,0,2,0,1512.0,0,-1
0.12849068394369478,-0.8829037759194007,1.8682377503553265,-0.5372040138263087,-0.508277230917684,0,1,0,0,0,1,0,0,0,2,0,1512.0,0,-1
0.12849068394369478,-0.8829037759194007,-0.48146848699039874,-0.5372040138263087,-0.508277230917684,0,1,0,0,0,1,0,0,0,2,0,1512.0,0,-1
0.12849068394369478,-0.8829037759194007,0.13687525967952896,-0.5372040138263087,-0.508277230917684,0,1,0,0,0,1,0,0,0,2,0,1512.0,0,-1
0.12849068394369478,-0.8829037759194007,1.8682377503553265,-0.5372040138263087,-0.508277230917684,0,1,0,0,0,1,0,0,0,2,0,1512.0,0,-1
0.12849068394369478,-0.8829037759194007,-0.48146848699039874,-0.5372040138263087,-0.508277230917684,0,1,0,0,0,1,0,0,0,1,0,1272.0,0,-1
0.12849068394369478,-0.8829037759194007,0.13687525967952896,-0.5372040138263087,-0.508277230917684,0,1,0,0,0,1,0,0,0,1,0,1272.0,0,-1
0.12849068394369478,-0.8829037759194007,1.8682377503553265,-0.5372040138263087,-0.508277230917684,0,1,0,0,0,1,0,0,0,1,0,1272.0,0,-1
0.12849068394369478,-0.8829037759194007,-0.48146848699039874,-0.5372040138263087,-0.508277230917684,0,1,0,0,0,1,0,0,0,0,0,1608.0,6,-1
0.12849068394369478,-0.8829037759194007,0.13687525967952896,-0.5372040138263087,-0.508277230917684,0,1,0,0,0,1,0,0,0,0,0,1608.0,6,-1
0.12849068394369478,-0.8829037759194007,1.8682377503553265,-0.5372040138263087,-0.508277230917684,0,1,0,0,0,1,0,0,0,0,0,1608.0,6,-1
0.12849068394369478,-0.8829037759194007,-0.48146848699039874,-0.5372040138263087,-0.508277230917684,0,1,0,0,0,1,0,0,0,5,1,1656.0,6,1
0.12849068394369478,-0.8829037759194007,0.13687525967952896,-0.5372040138263087,-0.508277230917684,0,1,0,0,0,1,0,0,0,5,1,1656.0,6,2
0.12849068394369478,-0.8829037759194007,1.8682377503553265,-0.5372040138263087,-0.508277230917684,0,1,0,0,0,1,0,0,0,5,1,1656.0,6,3
0.12849068394369478,-0.8829037759194007,-0.48146848699039874,-0.5372040138263087,-0.508277230917684,0,1,0,0,0,1,0,0,0,5,1,1656.0,6,1
0.12849068394369478,-0.8829037759194007,0.13687525967952896,-0.5372040138263087,-0.508277230917684,0,1,0,0,0,1,0,0,0,5,1,1656.0,6,2
0.12849068394369478,-0.8829037759194007,1.8682377503553265,-0.5372040138263087,-0.508277230917684,0,1,0,0,0,1,0,0,0,5,1,1656.0,6,3
0.12849068394369478,-0.8829037759194007,-0.48146848699039874,-0.5372040138263087,-0.508277230917684,0,1,0,0,0,1,0,0,0,5,1,1656.0,6,1
0.12849068394369478,-0.8829037759194007,0.13687525967952896,-0.5372040138263087,-0.508277230917684,0,1,0,0,0,1,0,0,0,5,1,1656.0,6,2
0.12849068394369478,-0.8829037759194007,1.8682377503553265,-0.5372040138263087,-0.508277230917684,0,1,0,0,0,1,0,0,0,5,1,1656.0,6,3
0.12849068394369478,-0.8829037759194007,-0.48146848699039874,-0.5372040138263087,-0.508277230917684,0,1,0,0,0,1,0,0,0,5,1,1656.0,6,1
0.12849068394369478,-0.8829037759194007,0.13687525967952896,-0.5372040138263087,-0.508277230917684,0,1,0,0,0,1,0,0,0,5,1,1656.0,6,2
0.12849068394369478,-0.8829037759194007,1.8682377503553265,-0.5372040138263087,-0.508277230917684,0,1,0,0,0,1,0,0,0,5,1,1656.0,6,3
0.12849068394369478,-0.8829037759194007,-0.48146848699039874,-0.5372040138263087,-0.508277230917684,0,1,0,0,0,1,0,0,0,5,1,1656.0,6,1
0.12849068394369478,-0.8829037759194007,0.13687525967952896,-0.5372040138263087,-0.508277230917684,0,1,0,0,0,1,0,0,0,5,1,1656.0,6,2
0.12849068394369478,-0.8829037759194007,1.8682377503553265,-0.5372040138263087,-0.508277230917684,0,1,0,0,0,1,0,0,0,5,1,1656.0,6,3
0.12849068394369478,-0.8829037759194007,-0.48146848699039874,-0.5372040138263087,-0.508277230917684,0,1,0,0,0,1,0,0,0,6,1,1656.0,6,-1
0.12849068394369478,-0.8829037759194007,0.13687525967952896,-0.5372040138263087,-0.508277230917684,0,1,0,0,0,1,0,0,0,6,1,1656.0,6,-1
0.12849068394369478,-0.8829037759194007,1.8682377503553265,-0.5372040138263087,-0.508277230917684,0,1,0,0,0,1,0,0,0,6,1,1656.0,6,-1
0.12849068394369478,-0.8829037759194007,-0.48146848699039874,-0.5372040138263087,-0.508277230917684,0,1,0,0,0,1,0,0,0,6,1,1656.0,6,-1
0.12849068394369478,-0.8829037759194007,0.13687525967952896,-0.5372040138263087,-0.508277230917684,0,1,0,0,0,1,0,0,0,6,1,1656.0,6,-1
0.12849068394369478,-0.8829037759194007,1.8682377503553265,-0.5372040138263087,-0.508277230917684,0,1,0,0,0,1,0,0,0,6,1,1656.0,6,-1
0.12849068394369478,-0.5691535648305385,-0.48146848699039874,-0.5372040138263087,-0.508277230917684,0,1,0,0,0,1,0,0,0,3,0,1632.0,6,-1
0.12849068394369478,-0.5691535648305385,0.13687525967952896,-0.5372040138263087,-0.508277230917684,0,1,0,0,0,1,0,0,0,3,0,1632.0,6,-1
0.12849068394369478,-0.5691535648305385,1.8682377503553265,-0.5372040138263087,-0.508277230917684,0,1,0,0,0,1,0,0,0,3,0,1632.0,6,-1
0.12849068394369478,-0.5691535648305385,-0.48146848699039874,-0.5372040138263087,-0.508277230917684,0,1,0,0,0,1,0,0,0,3,0,1632.0,6,-1
0.12849068394369478,-0.5691535648305385,0.13687525967952896,-0.5372040138263087,-0.508277230917684,0,1,0,0,0,1,0,0,0,3,0,1632.0,6,-1
0.12849068394369478,-0.5691535648305385,1.8682377503553265,-0.5372040138263087,-0.508277230917684,0,1,0,0,0,1,0,0,0,3,0,1632.0,6,-1
0.12849068394369478,-0.5691535648305385,-0.48146848699039874,-0.5372040138263087,-0.508277230917684,0,1,0,0,0,1,0,0,0,3,0,1656.0,6,-1
0.12849068394369478,-0.5691535648305385,0.13687525967952896,-0.5372040138263087,-0.508277230917684,0,1,0,0,0,1,0,0,0,3,0,1656.0,6,-1
0.12849068394369478,-0.5691535648305385,1.8682377503553265,-0.5372040138263087,-0.508277230917684,0,1,0,0,0,1,0,0,0,3,0,1656.0,6,-1
-0.3232385681673325,-1.0659247323879038,-0.6875830692137079,-0.014795064346673293,-1.065529090856082,0,1,0,0,0,0,0,1,0,0,0,5568.0,5,-1
0.12849068394369478,1.3133477017026354,-0.48146848699039874,2.5570643792453778,-0.508277230917684,0,1,0,0,0,1,0,0,0,5,1,2568.0,7,-1
0.12849068394369478,1.3133477017026354,0.13687525967952896,2.5570643792453778,-0.508277230917684,0,1,0,0,0,1,0,0,0,5,1,2568.0,7,-1
0.12849068394369478,1.3133477017026354,1.8682377503553265,2.5570643792453778,-0.508277230917684,0,1,0,0,0,1,0,0,0,5,1,2568.0,7,-1
0.12849068394369478,1.5225145090952104,-0.48146848699039874,2.5570643792453778,-0.508277230917684,0,1,0,0,0,1,0,0,0,6,1,1800.0,6,-1
0.12849068394369478,1.5225145090952104,0.13687525967952896,2.5570643792453778,-0.508277230917684,0,1,0,0,0,1,0,0,0,6,1,1800.0,6,-1
0.12849068394369478,1.5225145090952104,1.8682377503553265,2.5570643792453778,-0.508277230917684,0,1,0,0,0,1,0,0,0,6,1,1800.0,6,-1
0.12849068394369478,-0.8829037759194007,-0.48146848699039874,-0.5372040138263087,-0.508277230917684,0,1,0,0,0,1,0,0,0,2,0,720.0,4,-1
0.12849068394369478,-0.8829037759194007,0.13687525967952896,-0.5372040138263087,-0.508277230917684,0,1,0,0,0,1,0,0,0,2,0,720.0,4,-1
0.12849068394369478,-0.8829037759194007,1.8682377503553265,-0.5372040138263087,-0.508277230917684,0,1,0,0,0,1,0,0,0,2,0,720.0,4,-1
0.12849068394369478,-0.8829037759194007,-0.48146848699039874,-0.5372040138263087,-0.508277230917684,0,1,0,0,0,1,0,0,0,4,0,744.0,4,-1
0.12849068394369478,-0.8829037759194007,0.13687525967952896,-0.5372040138263087,-0.508277230917684,0,1,0,0,0,1,0,0,0,4,0,744.0,4,-1
0.12849068394369478,-0.8829037759194007,1.8682377503553265,-0.5372040138263087,-0.508277230917684,0,1,0,0,0,1,0,0,0,4,0,744.0,4,-1
0.12849068394369478,-0.8829037759194007,-0.48146848699039874,-0.5372040138263087,-0.508277230917684,0,1,0,0,0,1,0,0,0,0,0,720.0,4,-1
0.12849068394369478,-0.8829037759194007,0.13687525967952896,-0.5372040138263087,-0.508277230917684,0,1,0,0,0,1,0,0,0,0,0,720.0,4,-1
0.12849068394369478,-0.8829037759194007,1.8682377503553265,-0.5372040138263087,-0.508277230917684,0,1,0,0,0,1,0,0,0,0,0,720.0,4,-1
0.12849068394369478,-0.8829037759194007,-0.48146848699039874,-0.5372040138263087,-0.508277230917684,0,1,0,0,0,1,0,0,0,2,0,744.0,4,-1
0.12849068394369478,-0.8829037759194007,0.13687525967952896,-0.5372040138263087,-0.508277230917684,0,1,0,0,0,1,0,0,0,2,0,744.0,4,-1
0.12849068394369478,-0.8829037759194007,1.8682377503553265,-0.5372040138263087,-0.508277230917684,0,1,0,0,0,1,0,0,0,2,0,744.0,4,-1
0.12849068394369478,-0.8829037759194007,-0.48146848699039874,-0.5372040138263087,-0.508277230917684,0,1,0,0,0,1,0,0,0,5,1,744.0,4,-1
0.12849068394369478,-0.8829037759194007,0.13687525967952896,-0.5372040138263087,-0.508277230917684,0,1,0,0,0,1,0,0,0,5,1,744.0,4,-1
0.12849068394369478,-0.8829037759194007,1.8682377503553265,-0.5372040138263087,-0.508277230917684,0,1,0,0,0,1,0,0,0,5,1,744.0,4,-1
0.12849068394369478,-0.5691535648305385,-0.48146848699039874,-0.5372040138263087,-0.508277230917684,0,1,0,0,0,1,0,0,0,0,0,1464.0,0,-1
0.12849068394369478,-0.5691535648305385,0.13687525967952896,-0.5372040138263087,-0.508277230917684,0,1,0,0,0,1,0,0,0,0,0,1464.0,0,-1
0.12849068394369478,-0.5691535648305385,1.8682377503553265,-0.5372040138263087,-0.508277230917684,0,1,0,0,0,1,0,0,0,0,0,1464.0,0,-1
0.12849068394369478,-0.5691535648305385,-0.48146848699039874,-0.5372040138263087,-0.508277230917684,0,1,0,0,0,1,0,0,0,1,0,1440.0,0,-1
0.12849068394369478,-0.5691535648305385,0.13687525967952896,-0.5372040138263087,-0.508277230917684,0,1,0,0,0,1,0,0,0,1,0,1440.0,0,-1
0.12849068394369478,-0.5691535648305385,1.8682377503553265,-0.5372040138263087,-0.508277230917684,0,1,0,0,0,1,0,0,0,1,0,1440.0,0,-1
0.12849068394369478,-0.5691535648305385,-0.48146848699039874,-0.5372040138263087,-0.508277230917684,0,1,0,0,0,1,0,0,0,0,0,1464.0,0,-1
0.12849068394369478,-0.5691535648305385,0.13687525967952896,-0.5372040138263087,-0.508277230917684,0,1,0,0,0,1,0,0,0,0,0,1464.0,0,-1
0.12849068394369478,-0.5691535648305385,1.8682377503553265,-0.5372040138263087,-0.508277230917684,0,1,0,0,0,1,0,0,0,0,0,1464.0,0,-1
-1.226697072389387,-0.04623654634910123,-0.48146848699039874,0.06557554326557831,1.7207302088359082,0,1,0,0,0,0,0,1,0,0,0,1488.0,0,-1
-1.226697072389387,-0.04623654634910123,0.13687525967952896,0.06557554326557831,1.7207302088359082,0,1,0,0,0,0,0,1,0,0,0,1488.0,0,-1
-2.1301555766114415,1.5225145090952104,-0.48146848699039874,0.06557554326557831,1.7207302088359082,0,1,0,0,0,0,0,1,0,0,0,4344.0,1,-1
-2.1301555766114415,1.5225145090952104,0.13687525967952896,0.06557554326557831,1.7207302088359082,0,1,0,0,0,0,0,1,0,0,0,4344.0,1,-1
-2.1301555766114415,1.5225145090952104,1.8476262921329956,0.06557554326557831,1.7207302088359082,0,1,0,0,0,0,0,1,0,0,0,4344.0,1,-1
-2.1301555766114415,1.5225145090952104,4.4240585699243615,0.06557554326557831,1.7207302088359082,0,1,0,0,0,0,0,1,0,0,0,4344.0,1,-1
-2.1301555766114415,1.5225145090952104,9.576923125507092,0.06557554326557831,1.7207302088359082,0,1,0,0,0,0,0,1,0,0,0,4344.0,1,-1
-2.1301555766114415,-0.04623654634910123,0.13687525967952896,0.06557554326557831,1.7207302088359082,0,1,0,0,0,0,0,1,0,5,1,720.0,4,-1
-2.581884828722469,0.34595121751197666,-0.7133473919916216,0.06557554326557831,1.7207302088359082,0,1,0,0,0,0,0,1,0,5,1,720.0,4,-1
-2.581884828722469,0.34595121751197666,-0.7133473919916216,0.06557554326557831,1.7207302088359082,0,1,0,0,0,0,0,1,0,6,1,672.0,4,-1
-2.581884828722469,0.34595121751197666,-0.7133473919916216,0.06557554326557831,1.7207302088359082,0,1,0,0,0,0,0,1,0,5,1,744.0,4,-1
-2.581884828722469,1.6532437637155697,-0.7133473919916216,0.06557554326557831,1.7207302088359082,0,1,0,0,0,0,0,1,0,6,1,720.0,4,-1
1.4836784402767766,-0.43842431021017914,-0.5175385388794779,-1.0997982671120698,0.6062264889591121,0,1,0,0,0,0,0,1,0,2,0,2136.0,3,-1
1.4836784402767766,-0.43842431021017914,-0.08985078076611118,-1.0997982671120698,0.6062264889591121,0,1,0,0,0,0,0,1,0,2,0,2136.0,3,-1
1.4836784402767766,-0.43842431021017914,-0.5175385388794779,-1.0997982671120698,0.6062264889591121,0,1,0,0,0,0,0,1,0,1,0,2160.0,3,-1
1.4836784402767766,-0.43842431021017914,-0.08985078076611118,-1.0997982671120698,0.6062264889591121,0,1,0,0,0,0,0,1,0,1,0,2160.0,3,-1
1.4836784402767766,-0.43842431021017914,-0.5175385388794779,-1.0997982671120698,0.6062264889591121,0,1,0,0,0,0,0,1,0,1,0,2184.0,3,-1
1.4836784402767766,-0.43842431021017914,-0.08985078076611118,-1.0997982671120698,0.6062264889591121,0,1,0,0,0,0,0,1,0,1,0,2184.0,3,-1
1.4836784402767766,-0.43842431021017914,-0.5175385388794779,-1.0997982671120698,0.6062264889591121,0,1,0,0,0,0,0,1,0,2,0,2184.0,3,-1
1.4836784402767766,-0.43842431021017914,-0.08985078076611118,-1.0997982671120698,0.6062264889591121,0,1,0,0,0,0,0,1,0,2,0,2184.0,3,-1
1.4836784402767766,-0.43842431021017914,-0.5175385388794779,-1.3409100899488247,1.7207302088359082,0,1,0,0,0,0,0,1,0,2,0,2136.0,3,-1
1.4836784402767766,-0.43842431021017914,-0.08985078076611118,-1.3409100899488247,1.7207302088359082,0,1,0,0,0,0,0,1,0,2,0,2136.0,3,-1
1.4836784402767766,-0.43842431021017914,-0.5175385388794779,-1.3409100899488247,1.7207302088359082,0,1,0,0,0,0,0,1,0,1,0,2160.0,3,-1
1.4836784402767766,-0.43842431021017914,-0.08985078076611118,-1.3409100899488247,1.7207302088359082,0,1,0,0,0,0,0,1,0,1,0,2160.0,3,-1
1.4836784402767766,-0.43842431021017914,-0.5175385388794779,-1.3409100899488247,1.7207302088359082,0,1,0,0,0,0,0,1,0,1,0,2184.0,3,-1
1.4836784402767766,-0.43842431021017914,-0.08985078076611118,-1.3409100899488247,1.7207302088359082,0,1,0,0,0,0,0,1,0,1,0,2184.0,3,-1
1.4836784402767766,-0.43842431021017914,-0.5175385388794779,-1.3409100899488247,1.7207302088359082,0,1,0,0,0,0,0,1,0,0,0,2904.0,7,-1
1.4836784402767766,-0.43842431021017914,-0.08985078076611118,-1.3409100899488247,1.7207302088359082,0,1,0,0,0,0,0,1,0,0,0,2904.0,7,-1
1.4836784402767766,-0.04623654634910123,-0.48146848699039874,0.7085404041635911,-0.508277230917684,0,1,0,0,0,0,0,1,0,2,0,2136.0,3,-1
1.4836784402767766,-0.04623654634910123,-0.48146848699039874,0.7085404041635911,-0.508277230917684,0,1,0,0,0,0,0,1,0,1,0,2160.0,3,-1
1.4836784402767766,-0.04623654634910123,-0.48146848699039874,0.7085404041635911,-0.508277230917684,0,1,0,0,0,0,0,1,0,1,0,2184.0,3,-1
1.4836784402767766,-0.04623654634910123,-0.48146848699039874,0.7085404041635911,-0.508277230917684,0,1,0,0,0,0,0,1,0,2,0,2184.0,3,-1
1.4836784402767766,-0.04623654634910123,-0.48146848699039874,2.5570643792453778,-0.508277230917684,0,1,0,0,0,1,0,0,0,2,0,2136.0,3,-1
1.4836784402767766,-0.04623654634910123,-0.48146848699039874,2.5570643792453778,-0.508277230917684,0,1,0,0,0,1,0,0,0,1,0,2160.0,3,-1
1.4836784402767766,-0.04623654634910123,-0.48146848699039874,2.5570643792453778,-0.508277230917684,0,1,0,0,0,1,0,0,0,1,0,2184.0,3,-1
1.4836784402767766,-0.04623654634910123,-0.48146848699039874,2.5570643792453778,-0.508277230917684,0,1,0,0,0,1,0,0,0,2,0,2184.0,3,-1
1.4836784402767766,-0.04623654634910123,-0.48146848699039874,2.5570643792453778,-0.508277230917684,0,1,0,0,0,1,0,0,0,2,0,2136.0,3,-1
1.4836784402767766,-0.04623654634910123,-0.48146848699039874,2.5570643792453778,-0.508277230917684,0,1,0,0,0,1,0,0,0,1,0,2160.0,3,-1
1.4836784402767766,-0.04623654634910123,-0.48146848699039874,2.5570643792453778,-0.508277230917684,0,1,0,0,0,1,0,0,0,1,0,2184.0,3,-1
1.4836784402767766,-0.04623654634910123,-0.48146848699039874,2.5570643792453778,-0.508277230917684,0,1,0,0,0,1,0,0,0,2,0,2184.0,3,-1
1.6718989619897047,-0.9613413286916164,-0.48146848699039874,-0.3362774947956797,0.6062264889591121,0,1,0,0,0,0,0,1,0,3,0,720.0,4,-1
1.6718989619897047,-0.9613413286916164,-0.08469791621052845,-0.3362774947956797,0.6062264889591121,0,1,0,0,0,0,0,1,0,3,0,720.0,4,-1
1.6718989619897047,-0.9613413286916164,0.5594101532373129,-0.3362774947956797,0.6062264889591121,0,1,0,0,0,0,0,1,0,3,0,720.0,4,-1
1.6718989619897047,-0.9613413286916164,-0.48146848699039874,-0.3362774947956797,0.6062264889591121,0,1,0,0,0,0,0,1,0,5,1,744.0,4,-1
1.6718989619897047,-0.9613413286916164,-0.08469791621052845,-0.3362774947956797,0.6062264889591121,0,1,0,0,0,0,0,1,0,5,1,744.0,4,-1
1.6718989619897047,-0.9613413286916164,0.5594101532373129,-0.3362774947956797,0.6062264889591121,0,1,0,0,0,0,0,1,0,5,1,744.0,4,-1
1.6718989619897047,-0.9613413286916164,-0.48146848699039874,-0.3362774947956797,0.6062264889591121,0,1,0,0,0,0,0,1,0,1,0,744.0,4,-1
1.6718989619897047,-0.9613413286916164,-0.08469791621052845,-0.3362774947956797,0.6062264889591121,0,1,0,0,0,0,0,1,0,1,0,744.0,4,-1
1.6718989619897047,-0.9613413286916164,0.5594101532373129,-0.3362774947956797,0.6062264889591121,0,1,0,0,0,0,0,1,0,1,0,744.0,4,-1
1.6718989619897047,-0.9613413286916164,-0.48146848699039874,-0.3362774947956797,0.6062264889591121,0,1,0,0,0,0,0,1,0,2,0,744.0,4,-1
1.6718989619897047,-0.9613413286916164,-0.08469791621052845,-0.3362774947956797,0.6062264889591121,0,1,0,0,0,0,0,1,0,2,0,744.0,4,-1
1.6718989619897047,-0.9613413286916164,0.5594101532373129,-0.3362774947956797,0.6062264889591121,0,1,0,0,0,0,0,1,0,2,0,744.0,4,-1
1.6718989619897047,1.5225145090952104,-0.48146848699039874,-0.3362774947956797,0.6062264889591121,0,1,0,0,0,0,0,1,0,6,1,1488.0,0,-1
1.6718989619897047,1.5225145090952104,-0.08469791621052845,-0.3362774947956797,0.6062264889591121,0,1,0,0,0,0,0,1,0,6,1,1488.0,0,-1
1.6718989619897047,1.5225145090952104,0.5594101532373129,-0.3362774947956797,0.6062264889591121,0,1,0,0,0,0,0,1,0,6,1,1488.0,0,-1
1.6718989619897047,-0.9613413286916164,-0.48146848699039874,-0.7381305328569376,1.7207302088359082,0,1,0,0,0,0,0,1,0,5,1,744.0,4,-1
1.6718989619897047,-0.9613413286916164,-0.08469791621052845,-0.7381305328569376,1.7207302088359082,0,1,0,0,0,0,0,1,0,5,1,744.0,4,-1
1.6718989619897047,-0.9613413286916164,0.5594101532373129,-0.7381305328569376,1.7207302088359082,0,1,0,0,0,0,0,1,0,5,1,744.0,4,-1
1.6718989619897047,-0.9613413286916164,-0.48146848699039874,-0.7381305328569376,1.7207302088359082,0,1,0,0,0,0,0,1,0,0,0,720.0,4,-1
1.6718989619897047,-0.9613413286916164,-0.08469791621052845,-0.7381305328569376,1.7207302088359082,0,1,0,0,0,0,0,1,0,0,0,720.0,4,-1
1.6718989619897047,-0.9613413286916164,0.5594101532373129,-0.7381305328569376,1.7207302088359082,0,1,0,0,0,0,0,1,0,0,0,720.0,4,-1
1.6718989619897047,-0.9613413286916164,-0.48146848699039874,-0.7381305328569376,1.7207302088359082,0,1,0,0,0,0,0,1,0,2,0,720.0,4,-1
1.6718989619897047,-0.9613413286916164,-0.08469791621052845,-0.7381305328569376,1.7207302088359082,0,1,0,0,0,0,0,1,0,2,0,720.0,4,-1
1.6718989619897047,-0.9613413286916164,0.5594101532373129,-0.7381305328569376,1.7207302088359082,0,1,0,0,0,0,0,1,0,2,0,720.0,4,-1
1.6718989619897047,1.5225145090952104,-0.48146848699039874,-0.7381305328569376,1.7207302088359082,0,1,0,0,0,0,0,1,0,4,0,1488.0,0,-1
1.6718989619897047,1.5225145090952104,-0.08469791621052845,-0.7381305328569376,1.7207302088359082,0,1,0,0,0,0,0,1,0,4,0,1488.0,0,-1
1.6718989619897047,1.5225145090952104,0.5594101532373129,-0.7381305328569376,1.7207302088359082,0,1,0,0,0,0,0,1,0,4,0,1488.0,0,-1
0.12849068394369478,-1.2227998379323348,-0.48146848699039874,-1.3810953937549504,1.7207302088359082,0,1,0,0,0,0,0,1,0,5,1,1464.0,0,-1
0.12849068394369478,-1.2227998379323348,0.13687525967952896,-1.3810953937549504,1.7207302088359082,0,1,0,0,0,0,0,1,0,5,1,1464.0,0,-1
0.12849068394369478,-0.15081995004538867,-0.48146848699039874,-1.3810953937549504,1.7207302088359082,0,1,0,0,0,0,0,1,0,3,0,2568.0,7,-1
0.12849068394369478,-0.15081995004538867,0.13687525967952896,-1.3810953937549504,1.7207302088359082,0,1,0,0,0,0,0,1,0,3,0,2568.0,7,-1
0.12849068394369478,-0.04623654634910123,-0.48146848699039874,1.2711346574493523,-1.065529090856082,0,1,0,0,0,1,0,0,0,4,0,1080.0,8,-1
0.12849068394369478,-0.04623654634910123,0.13687525967952896,1.2711346574493523,-1.065529090856082,0,1,0,0,0,1,0,0,0,4,0,1080.0,8,-1
0.12849068394369478,-0.04623654634910123,1.8682377503553265,1.2711346574493523,-1.065529090856082,0,1,0,0,0,1,0,0,0,4,0,1080.0,8,-1
0.12849068394369478,-0.04623654634910123,-0.48146848699039874,1.2711346574493523,-1.065529090856082,0,1,0,0,0,1,0,0,0,4,0,1080.0,8,-1
0.12849068394369478,-0.04623654634910123,0.13687525967952896,1.2711346574493523,-1.065529090856082,0,1,0,0,0,1,0,0,0,4,0,1080.0,8,-1
0.12849068394369478,-0.04623654634910123,1.8682377503553265,1.2711346574493523,-1.065529090856082,0,1,0,0,0,1,0,0,0,4,0,1080.0,8,-1
0.12849068394369478,-0.04623654634910123,-0.48146848699039874,1.2711346574493523,-1.065529090856082,0,1,0,0,0,1,0,0,0,2,0,528.0,4,-1
0.12849068394369478,-0.04623654634910123,0.13687525967952896,1.2711346574493523,-1.065529090856082,0,1,0,0,0,1,0,0,0,2,0,528.0,4,-1
0.12849068394369478,-0.04623654634910123,-0.48146848699039874,1.2711346574493523,-1.065529090856082,0,1,0,0,0,1,0,0,0,2,0,528.0,4,-1
0.12849068394369478,-0.04623654634910123,0.13687525967952896,1.2711346574493523,-1.065529090856082,0,1,0,0,0,1,0,0,0,2,0,528.0,4,-1
0.12849068394369478,-0.6998828194508977,-0.723653121102787,1.2711346574493523,-1.065529090856082,0,1,0,0,0,1,0,0,0,5,1,888.0,4,-1
0.12849068394369478,-0.6998828194508977,-0.48146848699039874,1.2711346574493523,-1.065529090856082,0,1,0,0,0,1,0,0,0,5,1,888.0,4,-1
0.12849068394369478,-0.6998828194508977,0.13687525967952896,1.2711346574493523,-1.065529090856082,0,1,0,0,0,1,0,0,0,5,1,888.0,4,-1
0.12849068394369478,-0.6998828194508977,-0.48146848699039874,1.2711346574493523,-1.065529090856082,0,1,0,0,0,1,0,0,0,5,1,696.0,4,-1
0.12849068394369478,-0.6998828194508977,0.13687525967952896,1.2711346574493523,-1.065529090856082,0,1,0,0,0,1,0,0,0,5,1,696.0,4,-1
0.12849068394369478,-0.830612074071257,-0.723653121102787,1.2711346574493523,-1.065529090856082,0,1,0,0,0,1,0,0,0,5,1,432.0,2,-1
0.12849068394369478,-0.830612074071257,-0.48146848699039874,1.2711346574493523,-1.065529090856082,0,1,0,0,0,1,0,0,0,5,1,432.0,2,-1
0.12849068394369478,-0.830612074071257,0.13687525967952896,1.2711346574493523,-1.065529090856082,0,1,0,0,0,1,0,0,0,5,1,432.0,2,-1
-0.7749678202783598,-0.5691535648305385,-0.7185002565472043,-1.3810953937549504,1.7207302088359082,0,1,0,0,0,0,0,1,0,3,0,1344.0,0,-1
-0.7749678202783598,-0.5691535648305385,-0.7185002565472043,-1.3810953937549504,1.7207302088359082,0,1,0,0,0,0,0,1,0,3,0,1344.0,0,-1
-0.7749678202783598,-0.5691535648305385,-0.48146848699039874,-1.3810953937549504,1.7207302088359082,0,1,0,0,0,0,0,1,0,3,0,1344.0,0,-1
-0.7749678202783598,-0.5691535648305385,-0.48146848699039874,-1.3810953937549504,1.7207302088359082,0,1,0,0,0,0,0,1,0,3,0,1344.0,0,-1
-0.7749678202783598,-0.5691535648305385,0.13687525967952896,-1.3810953937549504,1.7207302088359082,0,1,0,0,0,0,0,1,0,3,0,1344.0,0,-1
-0.7749678202783598,-0.5691535648305385,0.13687525967952896,-1.3810953937549504,1.7207302088359082,0,1,0,0,0,0,0,1,0,3,0,1344.0,0,-1
-0.7749678202783598,-0.5691535648305385,1.8476262921329956,-1.3810953937549504,1.7207302088359082,0,1,0,0,0,0,0,1,0,3,0,1344.0,0,-1
-0.7749678202783598,-0.5691535648305385,1.8476262921329956,-1.3810953937549504,1.7207302088359082,0,1,0,0,0,0,0,1,0,3,0,1344.0,0,-1
-0.7749678202783598,-0.5691535648305385,4.4240585699243615,-1.3810953937549504,1.7207302088359082,0,1,0,0,0,0,0,1,0,3,0,1344.0,0,-1
-0.7749678202783598,-0.5691535648305385,4.4240585699243615,-1.3810953937549504,1.7207302088359082,0,1,0,0,0,0,0,1,0,3,0,1344.0,0,-1
0.12849068394369478,0.34595121751197666,-0.48146848699039874,1.2711346574493523,-1.065529090856082,0,1,0,0,0,1,0,0,0,2,0,48.0,2,-1
0.12849068394369478,0.34595121751197666,-0.48146848699039874,1.2711346574493523,-1.065529090856082,0,1,0,0,0,1,0,0,0,2,0,48.0,2,-1
0.12849068394369478,0.34595121751197666,-0.48146848699039874,1.2711346574493523,-1.065529090856082,0,1,0,0,0,1,0,0,0,0,0,48.0,2,-1
0.12849068394369478,0.34595121751197666,-0.48146848699039874,1.2711346574493523,-1.065529090856082,0,1,0,0,0,1,0,0,0,0,0,48.0,2,-1
0.12849068394369478,0.34595121751197666,-0.48146848699039874,1.2711346574493523,-1.065529090856082,0,1,0,0,0,1,0,0,0,1,0,96.0,2,-1
0.12849068394369478,0.34595121751197666,-0.48146848699039874,1.2711346574493523,-1.065529090856082,0,1,0,0,0,1,0,0,0,1,0,96.0,2,-1
0.12849068394369478,0.34595121751197666,-0.48146848699039874,1.2711346574493523,-1.065529090856082,0,1,0,0,0,1,0,0,0,5,1,72.0,2,-1
0.12849068394369478,0.34595121751197666,-0.48146848699039874,1.2711346574493523,-1.065529090856082,0,1,0,0,0,1,0,0,0,5,1,72.0,2,-1
0.12849068394369478,0.34595121751197666,-0.48146848699039874,1.2711346574493523,-1.065529090856082,0,1,0,0,0,1,0,0,0,2,0,72.0,2,-1
0.12849068394369478,0.34595121751197666,-0.48146848699039874,1.2711346574493523,-1.065529090856082,0,1,0,0,0,1,0,0,0,2,0,72.0,2,-1
0.12849068394369478,0.34595121751197666,-0.48146848699039874,1.2711346574493523,-1.065529090856082,0,1,0,0,0,1,0,0,0,6,1,48.0,2,-1
0.12849068394369478,0.34595121751197666,-0.48146848699039874,1.2711346574493523,-1.065529090856082,0,1,0,0,0,1,0,0,0,6,1,48.0,2,-1
0.12849068394369478,-0.634518192140718,-0.48146848699039874,-0.014795064346673293,-1.065529090856082,0,1,0,0,0,0,0,1,0,4,0,1848.0,6,-1
0.12849068394369478,-0.634518192140718,-0.48146848699039874,-0.014795064346673293,-1.065529090856082,0,1,0,0,0,0,0,1,0,4,0,1848.0,6,-1
0.12849068394369478,-0.634518192140718,0.13687525967952896,-0.014795064346673293,-1.065529090856082,0,1,0,0,0,0,0,1,0,4,0,1848.0,6,-1
0.12849068394369478,-0.634518192140718,0.13687525967952896,-0.014795064346673293,-1.065529090856082,0,1,0,0,0,0,0,1,0,4,0,1848.0,6,-1
0.12849068394369478,-0.634518192140718,1.8682377503553265,-0.014795064346673293,-1.065529090856082,0,1,0,0,0,0,0,1,0,4,0,1848.0,6,-1
0.12849068394369478,-0.634518192140718,1.8682377503553265,-0.014795064346673293,-1.065529090856082,0,1,0,0,0,0,0,1,0,4,0,1848.0,6,-1
0.12849068394369478,-0.10506471092826292,-0.48146848699039874,-0.014795064346673293,-1.065529090856082,0,1,0,0,0,0,0,1,0,6,1,1464.0,0,-1
0.12849068394369478,-0.10506471092826292,-0.48146848699039874,-0.014795064346673293,-1.065529090856082,0,1,0,0,0,0,0,1,0,6,1,1464.0,0,-1
0.12849068394369478,-0.10506471092826292,0.13687525967952896,-0.014795064346673293,-1.065529090856082,0,1,0,0,0,0,0,1,0,6,1,1464.0,0,-1
0.12849068394369478,-0.10506471092826292,0.13687525967952896,-0.014795064346673293,-1.065529090856082,0,1,0,0,0,0,0,1,0,6,1,1464.0,0,-1
0.12849068394369478,-0.10506471092826292,1.8682377503553265,-0.014795064346673293,-1.065529090856082,0,1,0,0,0,0,0,1,0,6,1,1464.0,0,-1
0.12849068394369478,-0.10506471092826292,1.8682377503553265,-0.014795064346673293,-1.065529090856082,0,1,0,0,0,0,0,1,0,6,1,1464.0,0,-1
0.12849068394369478,1.391785254474851,-0.7133473919916216,0.06557554326557831,1.7207302088359082,0,1,0,0,0,0,0,1,0,6,1,720.0,4,-1
0.12849068394369478,1.391785254474851,-0.7133473919916216,0.06557554326557831,1.7207302088359082,0,1,0,0,0,0,0,1,0,6,1,720.0,4,-1
-2.1301555766114415,0.9995974906137731,-0.7133473919916216,0.06557554326557831,1.7207302088359082,0,1,0,0,0,0,0,1,0,1,0,744.0,4,-1
-2.1301555766114415,0.9995974906137731,-0.7133473919916216,0.06557554326557831,1.7207302088359082,0,1,0,0,0,0,0,1,0,1,0,744.0,4,-1
-2.581884828722469,0.9995974906137731,-0.7133473919916216,0.06557554326557831,1.7207302088359082,0,1,0,0,0,0,0,1,0,4,0,744.0,4,-1
-2.581884828722469,0.9995974906137731,-0.7133473919916216,0.06557554326557831,1.7207302088359082,0,1,0,0,0,0,0,1,0,4,0,744.0,4,-1
0.12849068394369478,1.6532437637155697,-0.666971610991377,2.5570643792453778,-0.508277230917684,0,1,0,0,0,1,0,0,0,0,0,168.0,2,4
0.12849068394369478,1.6532437637155697,-0.666971610991377,2.5570643792453778,-0.508277230917684,0,1,0,0,0,1,0,0,0,0,0,168.0,2,4
0.12849068394369478,1.6532437637155697,-0.666971610991377,2.5570643792453778,-0.508277230917684,0,1,0,0,0,1,0,0,0,0,0,168.0,2,4
0.12849068394369478,1.6532437637155697,-0.666971610991377,2.5570643792453778,-0.508277230917684,0,1,0,0,0,1,0,0,0,0,0,168.0,2,4
0.12849068394369478,1.6532437637155697,-0.666971610991377,2.5570643792453778,-0.508277230917684,0,1,0,0,0,1,0,0,0,0,0,168.0,2,4
0.12849068394369478,1.6532437637155697,-0.666971610991377,2.5570643792453778,-0.508277230917684,0,1,0,0,0,1,0,0,0,0,0,168.0,2,4
0.12849068394369478,1.6532437637155697,-0.666971610991377,2.5570643792453778,-0.508277230917684,0,1,0,0,0,1,0,0,0,0,0,168.0,2,4
0.12849068394369478,1.6532437637155697,-0.666971610991377,2.5570643792453778,-0.508277230917684,0,1,0,0,0,1,0,0,0,0,0,168.0,2,4
0.12849068394369478,1.6532437637155697,-0.666971610991377,2.5570643792453778,-0.508277230917684,0,1,0,0,0,1,0,0,0,0,0,168.0,2,4
0.12849068394369478,1.6532437637155697,-0.666971610991377,2.5570643792453778,-0.508277230917684,0,1,0,0,0,1,0,0,0,0,0,168.0,2,4
0.12849068394369478,1.6532437637155697,-0.666971610991377,2.5570643792453778,-0.508277230917684,0,1,0,0,0,1,0,0,0,0,0,168.0,2,4
0.12849068394369478,1.6532437637155697,-0.666971610991377,2.5570643792453778,-0.508277230917684,0,1,0,0,0,1,0,0,0,0,0,168.0,2,4
0.12849068394369478,0.5638333085459087,-0.48146848699039874,0.4674285813268363,-0.508277230917684,0,1,0,0,0,1,0,0,0,5,1,720.0,4,-1
0.12849068394369478,0.5638333085459087,-0.48146848699039874,0.4674285813268363,-0.508277230917684,0,1,0,0,0,1,0,0,0,5,1,720.0,4,-1
0.12849068394369478,0.5638333085459087,-0.48146848699039874,0.4674285813268363,-0.508277230917684,0,1,0,0,0,1,0,0,0,5,1,720.0,4,-1
0.12849068394369478,0.5638333085459087,-0.48146848699039874,0.4674285813268363,-0.508277230917684,0,1,0,0,0,1,0,0,0,1,0,696.0,4,-1
0.12849068394369478,0.5638333085459087,-0.48146848699039874,0.4674285813268363,-0.508277230917684,0,1,0,0,0,1,0,0,0,1,0,696.0,4,-1
0.12849068394369478,0.5638333085459087,-0.48146848699039874,0.4674285813268363,-0.508277230917684,0,1,0,0,0,1,0,0,0,1,0,696.0,4,-1
0.12849068394369478,0.5638333085459087,-0.48146848699039874,0.4674285813268363,-0.508277230917684,0,1,0,0,0,1,0,0,0,3,0,720.0,4,-1
0.12849068394369478,0.5638333085459087,-0.48146848699039874,0.4674285813268363,-0.508277230917684,0,1,0,0,0,1,0,0,0,3,0,720.0,4,-1
0.12849068394369478,0.5638333085459087,-0.48146848699039874,0.4674285813268363,-0.508277230917684,0,1,0,0,0,1,0,0,0,3,0,720.0,4,-1
0.12849068394369478,0.5638333085459087,-0.48146848699039874,0.4674285813268363,-0.508277230917684,0,1,0,0,0,1,0,0,0,6,1,696.0,4,-1
0.12849068394369478,0.5638333085459087,-0.48146848699039874,0.4674285813268363,-0.508277230917684,0,1,0,0,0,1,0,0,0,6,1,696.0,4,-1
0.12849068394369478,0.5638333085459087,-0.48146848699039874,0.4674285813268363,-0.508277230917684,0,1,0,0,0,1,0,0,0,6,1,696.0,4,-1
0.12849068394369478,0.5638333085459087,-0.48146848699039874,0.4674285813268363,-0.508277230917684,0,1,0,0,0,1,0,0,0,1,0,720.0,4,-1
0.12849068394369478,0.5638333085459087,-0.48146848699039874,0.4674285813268363,-0.508277230917684,0,1,0,0,0,1,0,0,0,1,0,720.0,4,-1
0.12849068394369478,0.5638333085459087,-0.48146848699039874,0.4674285813268363,-0.508277230917684,0,1,0,0,0,1,0,0,0,1,0,720.0,4,-1
0.12849068394369478,-0.4820007284169655,-0.48146848699039874,-1.260539482336573,0.6062264889591121,0,1,0,0,0,0,0,1,0,0,0,5112.0,5,-1
0.12849068394369478,-0.4820007284169655,-0.48146848699039874,-1.260539482336573,0.6062264889591121,0,1,0,0,0,0,0,1,0,0,0,5112.0,5,-1
0.12849068394369478,-0.4820007284169655,-0.48146848699039874,-1.260539482336573,0.6062264889591121,0,1,0,0,0,0,0,1,0,0,0,5112.0,5,-1
0.12849068394369478,-0.4820007284169655,0.13687525967952896,-1.260539482336573,0.6062264889591121,0,1,0,0,0,0,0,1,0,0,0,5112.0,5,-1
0.12849068394369478,-0.4820007284169655,0.13687525967952896,-1.260539482336573,0.6062264889591121,0,1,0,0,0,0,0,1,0,0,0,5112.0,5,-1
0.12849068394369478,-0.4820007284169655,0.13687525967952896,-1.260539482336573,0.6062264889591121,0,1,0,0,0,0,0,1,0,0,0,5112.0,5,-1
0.12849068394369478,-0.4820007284169655,1.8476262921329956,-1.260539482336573,0.6062264889591121,0,1,0,0,0,0,0,1,0,0,0,5112.0,5,-1
0.12849068394369478,-0.4820007284169655,1.8476262921329956,-1.260539482336573,0.6062264889591121,0,1,0,0,0,0,0,1,0,0,0,5112.0,5,-1
0.12849068394369478,-0.4820007284169655,1.8476262921329956,-1.260539482336573,0.6062264889591121,0,1,0,0,0,0,0,1,0,0,0,5112.0,5,-1
-2.581884828722469,2.7426542188852303,-0.7133473919916216,0.06557554326557831,1.7207302088359082,0,1,0,0,0,0,0,1,0,2,0,744.0,4,-1
-2.581884828722469,2.7426542188852303,-0.7133473919916216,0.06557554326557831,1.7207302088359082,0,1,0,0,0,0,0,1,0,2,0,744.0,4,-1
-2.581884828722469,2.7426542188852303,-0.7133473919916216,0.06557554326557831,1.7207302088359082,0,1,0,0,0,0,0,1,0,2,0,744.0,4,-1
-1.226697072389387,2.472480426003155,-0.7133473919916216,0.06557554326557831,1.7207302088359082,0,1,0,0,0,0,0,1,0,3,0,264.0,2,-1
-1.226697072389387,2.472480426003155,-0.7133473919916216,0.06557554326557831,1.7207302088359082,0,1,0,0,0,0,0,1,0,3,0,264.0,2,-1
-1.226697072389387,2.472480426003155,-0.7133473919916216,0.06557554326557831,1.7207302088359082,0,1,0,0,0,0,0,1,0,3,0,264.0,2,-1
-2.581884828722469,2.306890036817366,-0.7133473919916216,0.06557554326557831,1.7207302088359082,0,1,0,0,0,0,0,1,0,0,0,120.0,2,-1
-2.581884828722469,2.306890036817366,-0.7133473919916216,0.06557554326557831,1.7207302088359082,0,1,0,0,0,0,0,1,0,0,0,120.0,2,-1
-2.581884828722469,2.306890036817366,-0.7133473919916216,0.06557554326557831,1.7207302088359082,0,1,0,0,0,0,0,1,0,0,0,120.0,2,-1
-2.581884828722469,2.306890036817366,-0.7133473919916216,0.06557554326557831,1.7207302088359082,0,1,0,0,0,0,0,1,0,5,1,120.0,2,-1
-2.581884828722469,2.306890036817366,-0.7133473919916216,0.06557554326557831,1.7207302088359082,0,1,0,0,0,0,0,1,0,5,1,120.0,2,-1
-2.581884828722469,2.306890036817366,-0.7133473919916216,0.06557554326557831,1.7207302088359082,0,1,0,0,0,0,0,1,0,5,1,120.0,2,-1
-2.581884828722469,2.306890036817366,-0.7133473919916216,0.06557554326557831,1.7207302088359082,0,1,0,0,0,0,0,1,0,3,0,120.0,2,-1
-2.581884828722469,2.306890036817366,-0.7133473919916216,0.06557554326557831,1.7207302088359082,0,1,0,0,0,0,0,1,0,3,0,120.0,2,-1
-2.581884828722469,2.306890036817366,-0.7133473919916216,0.06557554326557831,1.7207302088359082,0,1,0,0,0,0,0,1,0,3,0,120.0,2,-1
-2.581884828722469,2.306890036817366,-0.7133473919916216,0.06557554326557831,1.7207302088359082,0,1,0,0,0,0,0,1,0,1,0,120.0,2,-1
-2.581884828722469,2.306890036817366,-0.7133473919916216,0.06557554326557831,1.7207302088359082,0,1,0,0,0,0,0,1,0,1,0,120.0,2,-1
-2.581884828722469,2.306890036817366,-0.7133473919916216,0.06557554326557831,1.7207302088359082,0,1,0,0,0,0,0,1,0,1,0,120.0,2,-1
-2.1301555766114415,1.8711258547495022,-0.48146848699039874,0.06557554326557831,1.7207302088359082,0,1,0,0,0,0,0,1,0,5,1,1464.0,0,-1
-2.1301555766114415,1.8711258547495022,-0.48146848699039874,0.06557554326557831,1.7207302088359082,0,1,0,0,0,0,0,1,0,5,1,1464.0,0,-1
-2.1301555766114415,1.8711258547495022,-0.48146848699039874,0.06557554326557831,1.7207302088359082,0,1,0,0,0,0,0,1,0,5,1,1464.0,0,-1
-2.1301555766114415,2.4703016050928155,-0.7133473919916216,0.06557554326557831,1.7207302088359082,0,1,0,0,0,0,0,1,0,0,0,720.0,4,-1
-2.1301555766114415,2.4703016050928155,-0.7133473919916216,0.06557554326557831,1.7207302088359082,0,1,0,0,0,0,0,1,0,0,0,720.0,4,-1
-2.1301555766114415,2.4703016050928155,-0.7133473919916216,0.06557554326557831,1.7207302088359082,0,1,0,0,0,0,0,1,0,0,0,720.0,4,-1
-2.1301555766114415,2.4703016050928155,-0.7133473919916216,0.06557554326557831,1.7207302088359082,0,1,0,0,0,0,0,1,0,0,0,720.0,4,-1
-2.1301555766114415,2.86715827090462,-0.48146848699039874,0.06557554326557831,1.7207302088359082,0,1,0,0,0,0,0,1,0,0,0,4344.0,1,5
-2.1301555766114415,2.86715827090462,-0.48146848699039874,0.06557554326557831,1.7207302088359082,0,1,0,0,0,0,0,1,0,0,0,4344.0,1,5
-2.1301555766114415,2.86715827090462,-0.48146848699039874,0.06557554326557831,1.7207302088359082,0,1,0,0,0,0,0,1,0,0,0,4344.0,1,5
-2.1301555766114415,2.86715827090462,-0.48146848699039874,0.06557554326557831,1.7207302088359082,0,1,0,0,0,0,0,1,0,0,0,4344.0,1,5
-2.1301555766114415,2.86715827090462,-0.48146848699039874,0.06557554326557831,1.7207302088359082,0,1,0,0,0,0,0,1,0,0,0,4344.0,1,5
-2.1301555766114415,2.86715827090462,-0.48146848699039874,0.06557554326557831,1.7207302088359082,0,1,0,0,0,0,0,1,0,0,0,4344.0,1,5
-2.1301555766114415,2.86715827090462,-0.48146848699039874,0.06557554326557831,1.7207302088359082,0,1,0,0,0,0,0,1,0,0,0,4344.0,1,5
0.12849068394369478,1.2984072154603088,-0.48146848699039874,1.2711346574493523,-1.065529090856082,0,1,0,0,0,1,0,0,0,5,1,360.0,2,6
0.12849068394369478,1.2984072154603088,-0.48146848699039874,1.2711346574493523,-1.065529090856082,0,1,0,0,0,1,0,0,0,5,1,360.0,2,6
0.12849068394369478,1.2984072154603088,-0.48146848699039874,1.2711346574493523,-1.065529090856082,0,1,0,0,0,1,0,0,0,5,1,360.0,2,6
0.12849068394369478,1.2984072154603088,-0.48146848699039874,1.2711346574493523,-1.065529090856082,0,1,0,0,0,1,0,0,0,5,1,360.0,2,6
0.12849068394369478,1.2984072154603088,-0.48146848699039874,1.2711346574493523,-1.065529090856082,0,1,0,0,0,1,0,0,0,5,1,360.0,2,6
0.12849068394369478,1.2984072154603088,-0.48146848699039874,1.2711346574493523,-1.065529090856082,0,1,0,0,0,1,0,0,0,5,1,360.0,2,6
0.12849068394369478,1.2984072154603088,-0.48146848699039874,1.2711346574493523,-1.065529090856082,0,1,0,0,0,1,0,0,0,5,1,360.0,2,6
0.12849068394369478,0.019128080961078417,-0.48146848699039874,-0.5372040138263087,-0.508277230917684,0,1,0,0,0,1,0,0,0,4,0,720.0,4,7
0.12849068394369478,0.019128080961078417,-0.48146848699039874,-0.5372040138263087,-0.508277230917684,0,1,0,0,0,1,0,0,0,4,0,720.0,4,7
0.12849068394369478,0.019128080961078417,-0.48146848699039874,-0.5372040138263087,-0.508277230917684,0,1,0,0,0,1,0,0,0,4,0,720.0,4,7
0.12849068394369478,0.019128080961078417,-0.48146848699039874,-0.5372040138263087,-0.508277230917684,0,1,0,0,0,1,0,0,0,4,0,720.0,4,7
0.12849068394369478,0.019128080961078417,-0.48146848699039874,-0.5372040138263087,-0.508277230917684,0,1,0,0,0,1,0,0,0,4,0,720.0,4,7
0.12849068394369478,0.019128080961078417,-0.48146848699039874,-0.5372040138263087,-0.508277230917684,0,1,0,0,0,1,0,0,0,4,0,720.0,4,7
0.12849068394369478,0.019128080961078417,-0.48146848699039874,-0.5372040138263087,-0.508277230917684,0,1,0,0,0,1,0,0,0,4,0,720.0,4,7
0.12849068394369478,0.019128080961078417,-0.48146848699039874,-0.5372040138263087,-0.508277230917684,0,1,0,0,0,1,0,0,0,4,0,720.0,4,7
0.12849068394369478,0.019128080961078417,-0.48146848699039874,-0.5372040138263087,-0.508277230917684,0,1,0,0,0,1,0,0,0,6,1,672.0,4,8
0.12849068394369478,0.019128080961078417,-0.48146848699039874,-0.5372040138263087,-0.508277230917684,0,1,0,0,0,1,0,0,0,6,1,672.0,4,8
0.12849068394369478,0.019128080961078417,-0.48146848699039874,-0.5372040138263087,-0.508277230917684,0,1,0,0,0,1,0,0,0,6,1,672.0,4,8
0.12849068394369478,0.019128080961078417,-0.48146848699039874,-0.5372040138263087,-0.508277230917684,0,1,0,0,0,1,0,0,0,6,1,672.0,4,8
0.12849068394369478,0.019128080961078417,-0.48146848699039874,-0.5372040138263087,-0.508277230917684,0,1,0,0,0,1,0,0,0,6,1,672.0,4,8
0.12849068394369478,0.019128080961078417,-0.48146848699039874,-0.5372040138263087,-0.508277230917684,0,1,0,0,0,1,0,0,0,6,1,672.0,4,8
0.12849068394369478,0.019128080961078417,-0.48146848699039874,-0.5372040138263087,-0.508277230917684,0,1,0,0,0,1,0,0,0,6,1,672.0,4,8
0.12849068394369478,0.019128080961078417,-0.48146848699039874,-0.5372040138263087,-0.508277230917684,0,1,0,0,0,1,0,0,0,6,1,672.0,4,8
0.12849068394369478,0.019128080961078417,-0.48146848699039874,-0.5372040138263087,-0.508277230917684,0,1,0,0,0,1,0,0,0,0,0,720.0,4,9
0.12849068394369478,0.019128080961078417,-0.48146848699039874,-0.5372040138263087,-0.508277230917684,0,1,0,0,0,1,0,0,0,0,0,720.0,4,9
0.12849068394369478,0.019128080961078417,-0.48146848699039874,-0.5372040138263087,-0.508277230917684,0,1,0,0,0,1,0,0,0,0,0,720.0,4,9
0.12849068394369478,0.019128080961078417,-0.48146848699039874,-0.5372040138263087,-0.508277230917684,0,1,0,0,0,1,0,0,0,0,0,720.0,4,9
0.12849068394369478,0.019128080961078417,-0.48146848699039874,-0.5372040138263087,-0.508277230917684,0,1,0,0,0,1,0,0,0,0,0,720.0,4,9
0.12849068394369478,0.019128080961078417,-0.48146848699039874,-0.5372040138263087,-0.508277230917684,0,1,0,0,0,1,0,0,0,0,0,720.0,4,9
0.12849068394369478,0.019128080961078417,-0.48146848699039874,-0.5372040138263087,-0.508277230917684,0,1,0,0,0,1,0,0,0,0,0,720.0,4,9
0.12849068394369478,0.019128080961078417,-0.48146848699039874,-0.5372040138263087,-0.508277230917684,0,1,0,0,0,1,0,0,0,0,0,720.0,4,9
0.12849068394369478,0.019128080961078417,-0.48146848699039874,-0.5372040138263087,-0.508277230917684,0,1,0,0,0,1,0,0,0,5,1,744.0,4,10
0.12849068394369478,0.019128080961078417,-0.48146848699039874,-0.5372040138263087,-0.508277230917684,0,1,0,0,0,1,0,0,0,5,1,744.0,4,10
0.12849068394369478,0.019128080961078417,-0.48146848699039874,-0.5372040138263087,-0.508277230917684,0,1,0,0,0,1,0,0,0,5,1,744.0,4,10
0.12849068394369478,0.019128080961078417,-0.48146848699039874,-0.5372040138263087,-0.508277230917684,0,1,0,0,0,1,0,0,0,5,1,744.0,4,10
0.12849068394369478,0.019128080961078417,-0.48146848699039874,-0.5372040138263087,-0.508277230917684,0,1,0,0,0,1,0,0,0,5,1,744.0,4,10
0.12849068394369478,0.019128080961078417,-0.48146848699039874,-0.5372040138263087,-0.508277230917684,0,1,0,0,0,1,0,0,0,5,1,744.0,4,10
0.12849068394369478,0.019128080961078417,-0.48146848699039874,-0.5372040138263087,-0.508277230917684,0,1,0,0,0,1,0,0,0,5,1,744.0,4,10
0.12849068394369478,0.019128080961078417,-0.48146848699039874,-0.5372040138263087,-0.508277230917684,0,1,0,0,0,1,0,0,0,5,1,744.0,4,10
0.12849068394369478,0.019128080961078417,-0.48146848699039874,-0.5372040138263087,-0.508277230917684,0,1,0,0,0,1,0,0,0,1,0,720.0,4,11
0.12849068394369478,0.019128080961078417,-0.48146848699039874,-0.5372040138263087,-0.508277230917684,0,1,0,0,0,1,0,0,0,1,0,720.0,4,11
0.12849068394369478,0.019128080961078417,-0.48146848699039874,-0.5372040138263087,-0.508277230917684,0,1,0,0,0,1,0,0,0,1,0,720.0,4,11
0.12849068394369478,0.019128080961078417,-0.48146848699039874,-0.5372040138263087,-0.508277230917684,0,1,0,0,0,1,0,0,0,1,0,720.0,4,11
0.12849068394369478,0.019128080961078417,-0.48146848699039874,-0.5372040138263087,-0.508277230917684,0,1,0,0,0,1,0,0,0,1,0,720.0,4,11
0.12849068394369478,0.019128080961078417,-0.48146848699039874,-0.5372040138263087,-0.508277230917684,0,1,0,0,0,1,0,0,0,1,0,720.0,4,11
0.12849068394369478,0.019128080961078417,-0.48146848699039874,-0.5372040138263087,-0.508277230917684,0,1,0,0,0,1,0,0,0,1,0,720.0,4,11
0.12849068394369478,0.019128080961078417,-0.48146848699039874,-0.5372040138263087,-0.508277230917684,0,1,0,0,0,1,0,0,0,1,0,720.0,4,11
0.12849068394369478,0.019128080961078417,-0.48146848699039874,-0.5372040138263087,-0.508277230917684,0,1,0,0,0,1,0,0,0,3,0,744.0,4,12
0.12849068394369478,0.019128080961078417,-0.48146848699039874,-0.5372040138263087,-0.508277230917684,0,1,0,0,0,1,0,0,0,3,0,744.0,4,12
0.12849068394369478,0.019128080961078417,-0.48146848699039874,-0.5372040138263087,-0.508277230917684,0,1,0,0,0,1,0,0,0,3,0,744.0,4,12
0.12849068394369478,0.019128080961078417,-0.48146848699039874,-0.5372040138263087,-0.508277230917684,0,1,0,0,0,1,0,0,0,3,0,744.0,4,12
0.12849068394369478,0.019128080961078417,-0.48146848699039874,-0.5372040138263087,-0.508277230917684,0,1,0,0,0,1,0,0,0,3,0,744.0,4,12
0.12849068394369478,0.019128080961078417,-0.48146848699039874,-0.5372040138263087,-0.508277230917684,0,1,0,0,0,1,0,0,0,3,0,744.0,4,12
0.12849068394369478,0.019128080961078417,-0.48146848699039874,-0.5372040138263087,-0.508277230917684,0,1,0,0,0,1,0,0,0,3,0,744.0,4,12
0.12849068394369478,0.019128080961078417,-0.48146848699039874,-0.5372040138263087,-0.508277230917684,0,1,0,0,0,1,0,0,0,3,0,744.0,4,12
-0.7749678202783598,-0.162440328233865,-0.48146848699039874,-1.1801688747243215,0.6062264889591121,0,1,0,0,0,0,0,1,0,5,1,2112.0,3,13
-0.7749678202783598,-0.162440328233865,-0.48146848699039874,-1.1801688747243215,0.6062264889591121,0,1,0,0,0,0,0,1,0,5,1,2112.0,3,13
-0.7749678202783598,-0.162440328233865,-0.48146848699039874,-1.1801688747243215,0.6062264889591121,0,1,0,0,0,0,0,1,0,5,1,2112.0,3,13
-0.7749678202783598,-0.162440328233865,-0.48146848699039874,-1.1801688747243215,0.6062264889591121,0,1,0,0,0,0,0,1,0,5,1,2112.0,3,13
-0.7749678202783598,-0.162440328233865,-0.48146848699039874,-1.1801688747243215,0.6062264889591121,0,1,0,0,0,0,0,1,0,5,1,2112.0,3,13
-0.7749678202783598,-0.162440328233865,-0.48146848699039874,-1.1801688747243215,0.6062264889591121,0,1,0,0,0,0,0,1,0,5,1,2112.0,3,13
-0.7749678202783598,-0.162440328233865,-0.48146848699039874,-1.1801688747243215,0.6062264889591121,0,1,0,0,0,0,0,1,0,5,1,2112.0,3,13
-0.7749678202783598,-0.162440328233865,-0.48146848699039874,-1.1801688747243215,0.6062264889591121,0,1,0,0,0,0,0,1,0,5,1,2112.0,3,13
-0.7749678202783598,-0.162440328233865,-0.48146848699039874,-1.1801688747243215,0.6062264889591121,0,1,0,0,0,0,0,1,0,5,1,2112.0,3,13
0.12849068394369478,0.19510976987310044,-0.48146848699039874,-0.014795064346673293,-1.065529090856082,0,1,0,0,0,0,0,1,0,3,0,1944.0,3,14
0.12849068394369478,0.19510976987310044,-0.48146848699039874,-0.014795064346673293,-1.065529090856082,0,1,0,0,0,0,0,1,0,3,0,1944.0,3,14
0.12849068394369478,0.19510976987310044,-0.48146848699039874,-0.014795064346673293,-1.065529090856082,0,1,0,0,0,0,0,1,0,3,0,1944.0,3,14
0.12849068394369478,0.19510976987310044,-0.48146848699039874,-0.014795064346673293,-1.065529090856082,0,1,0,0,0,0,0,1,0,3,0,1944.0,3,14
0.12849068394369478,0.19510976987310044,-0.48146848699039874,-0.014795064346673293,-1.065529090856082,0,1,0,0,0,0,0,1,0,3,0,1944.0,3,14
0.12849068394369478,0.19510976987310044,-0.48146848699039874,-0.014795064346673293,-1.065529090856082,0,1,0,0,0,0,0,1,0,3,0,1944.0,3,14
0.12849068394369478,0.19510976987310044,-0.48146848699039874,-0.014795064346673293,-1.065529090856082,0,1,0,0,0,0,0,1,0,3,0,1944.0,3,14
0.12849068394369478,0.19510976987310044,-0.48146848699039874,-0.014795064346673293,-1.065529090856082,0,1,0,0,0,0,0,1,0,3,0,1944.0,3,14
0.12849068394369478,0.19510976987310044,-0.48146848699039874,-0.014795064346673293,-1.065529090856082,0,1,0,0,0,0,0,1,0,3,0,1944.0,3,14
0.12849068394369478,0.19510976987310044,-0.48146848699039874,-0.014795064346673293,-1.065529090856082,0,1,0,0,0,0,0,1,0,3,0,1944.0,3,14
0.12849068394369478,0.19510976987310044,-0.48146848699039874,-0.014795064346673293,-1.065529090856082,0,1,0,0,0,0,0,1,0,3,0,1944.0,3,14
0.12849068394369478,0.19510976987310044,-0.48146848699039874,-0.014795064346673293,-1.065529090856082,0,1,0,0,0,0,0,1,0,3,0,1944.0,3,14
0.12849068394369478,0.19510976987310044,-0.48146848699039874,-0.014795064346673293,-1.065529090856082,0,1,0,0,0,0,0,1,0,3,0,1944.0,3,14
0.0,-0.2722413983995035,-0.8077845196721085,0.2753063341754458,1.0701524799937427,0,0,1,0,0,0,1,0,0,3,0,4320.0,1,-1
0.0,-0.2722413983995035,-0.45244678173693176,0.2753063341754458,1.0701524799937427,0,0,1,0,0,0,1,0,0,3,0,4320.0,1,-1
0.0,-0.2722413983995035,0.5306542932170571,0.2753063341754458,1.0701524799937427,0,0,1,0,0,0,1,0,0,3,0,4320.0,1,-1
0.0,-0.2722413983995035,2.011228201280294,0.2753063341754458,1.0701524799937427,0,0,1,0,0,0,1,0,0,3,0,4320.0,1,-1
0.0,-0.9696039408113651,-0.8077845196721085,-1.7017257300374866,2.279726233789487,0,0,1,0,0,0,1,0,0,4,0,2208.0,3,-1
0.0,-0.9696039408113651,0.5306542932170571,-1.7017257300374866,2.279726233789487,0,0,1,0,0,0,1,0,0,4,0,2208.0,3,-1
0.0,-0.9696039408113651,2.011228201280294,-1.7017257300374866,2.279726233789487,0,0,1,0,0,0,1,0,0,4,0,2208.0,3,-1
0.0,-0.2722413983995035,-0.8077845196721085,0.2753063341754458,-0.13942127380200176,0,0,1,0,0,0,1,0,0,1,0,1464.0,0,-1
0.0,-0.2722413983995035,0.5306542932170571,0.2753063341754458,-0.13942127380200176,0,0,1,0,0,0,1,0,0,1,0,1464.0,0,-1
0.0,-0.2722413983995035,2.011228201280294,0.2753063341754458,-0.13942127380200176,0,0,1,0,0,0,1,0,0,1,0,1464.0,0,-1
0.0,-0.7703575001222618,-0.8077845196721085,-1.7017257300374866,2.279726233789487,0,0,1,0,0,0,1,0,0,6,1,720.0,4,-1
0.0,-0.7703575001222618,0.5306542932170571,-1.7017257300374866,2.279726233789487,0,0,1,0,0,0,1,0,0,6,1,720.0,4,-1
0.0,-0.7703575001222618,2.011228201280294,-1.7017257300374866,2.279726233789487,0,0,1,0,0,0,1,0,0,6,1,720.0,4,-1
0.0,0.8236140253905648,-0.8077845196721085,0.2753063341754458,1.0701524799937427,0,0,1,0,0,0,1,0,0,1,0,2184.0,3,-1
0.0,0.32549792366780655,-0.8077845196721085,0.2753063341754458,-0.13942127380200176,0,0,1,0,0,0,1,0,0,0,0,2904.0,7,-1
0.0,0.32549792366780655,0.5306542932170571,0.2753063341754458,-0.13942127380200176,0,0,1,0,0,0,1,0,0,0,0,2904.0,7,-1
0.0,0.32549792366780655,2.011228201280294,0.2753063341754458,-0.13942127380200176,0,0,1,0,0,0,1,0,0,0,0,2904.0,7,-1
0.0,0.1262514829787032,-0.8077845196721085,0.07760312775415254,-0.945803776332498,0,0,1,0,0,0,1,0,0,6,1,1440.0,0,-1
0.0,0.1262514829787032,0.5306542932170571,0.07760312775415254,-0.945803776332498,0,0,1,0,0,0,1,0,0,6,1,1440.0,0,-1
0.0,-0.9098300086046341,-0.8077845196721085,-1.108616110773607,0.6669612287284945,0,0,1,0,0,0,1,0,0,2,0,360.0,2,-1
0.0,-0.9098300086046341,-0.45244678173693176,-1.108616110773607,0.6669612287284945,0,0,1,0,0,0,1,0,0,2,0,360.0,2,-1
0.0,0.04655290670306186,-0.8077845196721085,-1.108616110773607,0.6669612287284945,0,0,1,0,0,0,1,0,0,6,1,1392.0,0,-1
0.0,0.04655290670306186,-0.45244678173693176,-1.108616110773607,0.6669612287284945,0,0,1,0,0,0,1,0,0,6,1,1392.0,0,-1
0.0,0.04655290670306186,0.04502605137231564,-1.108616110773607,0.6669612287284945,0,0,1,0,0,0,1,0,0,6,1,1392.0,0,-1
0.0,0.8236140253905648,-0.8077845196721085,0.2753063341754458,1.0701524799937427,0,0,1,0,0,0,1,0,0,2,0,2136.0,3,-1
0.0,0.8236140253905648,-0.8077845196721085,0.2753063341754458,1.0701524799937427,0,0,1,0,0,0,1,0,0,1,0,2160.0,3,-1
0.0,0.8236140253905648,-0.8077845196721085,0.2753063341754458,1.0701524799937427,0,0,1,0,0,0,1,0,0,1,0,2184.0,3,-1
0.0,0.8236140253905648,-0.8077845196721085,0.2753063341754458,1.0701524799937427,0,0,1,0,0,0,1,0,0,2,0,2184.0,3,-1
0.0,-0.8699807204668135,-0.8077845196721085,1.263822366281912,-0.13942127380200176,0,0,1,0,0,0,1,0,0,6,1,744.0,4,-1
0.0,-0.8699807204668135,-0.5797761378303701,1.263822366281912,-0.13942127380200176,0,0,1,0,0,0,1,0,0,6,1,744.0,4,-1
0.0,-0.8699807204668135,-0.20963266081456103,1.263822366281912,-0.13942127380200176,0,0,1,0,0,0,1,0,0,6,1,744.0,4,-1
0.0,-0.8699807204668135,-0.8077845196721085,1.263822366281912,-0.13942127380200176,0,0,1,0,0,0,1,0,0,2,0,720.0,4,-1
0.0,-0.8699807204668135,-0.5797761378303701,1.263822366281912,-0.13942127380200176,0,0,1,0,0,0,1,0,0,2,0,720.0,4,-1
0.0,-0.8699807204668135,-0.20963266081456103,1.263822366281912,-0.13942127380200176,0,0,1,0,0,0,1,0,0,2,0,720.0,4,-1
0.0,2.91570165262615,-0.8077845196721085,1.263822366281912,-0.13942127380200176,0,0,1,0,0,0,1,0,0,6,1,1488.0,0,-1
0.0,2.91570165262615,-0.5797761378303701,1.263822366281912,-0.13942127380200176,0,0,1,0,0,0,1,0,0,6,1,1488.0,0,-1
0.0,2.91570165262615,-0.20963266081456103,1.263822366281912,-0.13942127380200176,0,0,1,0,0,0,1,0,0,6,1,1488.0,0,-1
0.0,-0.7703575001222618,-0.8077845196721085,-1.7017257300374866,2.279726233789487,0,0,1,0,0,0,1,0,0,4,0,192.0,2,-1
0.0,-0.7703575001222618,0.5306542932170571,-1.7017257300374866,2.279726233789487,0,0,1,0,0,0,1,0,0,4,0,192.0,2,-1
0.0,-0.7703575001222618,2.011228201280294,-1.7017257300374866,2.279726233789487,0,0,1,0,0,0,1,0,0,4,0,192.0,2,-1
0.0,-0.2722413983995035,-0.8077845196721085,1.263822366281912,-0.13942127380200176,0,0,1,0,0,0,1,0,0,3,0,1440.0,0,-1
0.0,-0.2722413983995035,0.5306542932170571,1.263822366281912,-0.13942127380200176,0,0,1,0,0,0,1,0,0,3,0,1440.0,0,-1
0.0,-0.2722413983995035,2.011228201280294,1.263822366281912,-0.13942127380200176,0,0,1,0,0,0,1,0,0,3,0,1440.0,0,-1
0.0,2.91570165262615,-0.8077845196721085,1.263822366281912,-0.13942127380200176,0,0,1,0,0,0,1,0,0,1,0,2928.0,7,-1
0.0,2.91570165262615,0.5306542932170571,1.263822366281912,-0.13942127380200176,0,0,1,0,0,0,1,0,0,1,0,2928.0,7,-1
0.0,2.91570165262615,2.011228201280294,1.263822366281912,-0.13942127380200176,0,0,1,0,0,0,1,0,0,1,0,2928.0,7,-1
0.0,0.1262514829787032,-0.8077845196721085,0.47300954059673905,-0.945803776332498,0,0,1,0,0,0,1,0,0,5,1,1440.0,0,-1
0.0,0.1262514829787032,0.5306542932170571,0.47300954059673905,-0.945803776332498,0,0,1,0,0,0,1,0,0,5,1,1440.0,0,-1
0.0,-0.2722413983995035,-0.8077845196721085,1.263822366281912,-0.13942127380200176,0,0,1,0,0,0,1,0,0,0,0,720.0,4,-1
0.0,-0.2722413983995035,0.5306542932170571,1.263822366281912,-0.13942127380200176,0,0,1,0,0,0,1,0,0,0,0,720.0,4,-1
0.0,-0.2722413983995035,2.011228201280294,1.263822366281912,-0.13942127380200176,0,0,1,0,0,0,1,0,0,0,0,720.0,4,-1
0.0,-0.2722413983995035,-0.8077845196721085,1.263822366281912,-0.13942127380200176,0,0,1,0,0,0,1,0,0,3,0,720.0,4,-1
0.0,-0.2722413983995035,0.5306542932170571,1.263822366281912,-0.13942127380200176,0,0,1,0,0,0,1,0,0,3,0,720.0,4,-1
0.0,-0.2722413983995035,2.011228201280294,1.263822366281912,-0.13942127380200176,0,0,1,0,0,0,1,0,0,3,0,720.0,4,-1
0.0,2.91570165262615,-0.8077845196721085,1.263822366281912,-0.13942127380200176,0,0,1,0,0,0,1,0,0,3,0,2856.0,7,-1
0.0,2.91570165262615,0.5306542932170571,1.263822366281912,-0.13942127380200176,0,0,1,0,0,0,1,0,0,3,0,2856.0,7,-1
0.0,2.91570165262615,2.011228201280294,1.263822366281912,-0.13942127380200176,0,0,1,0,0,0,1,0,0,3,0,2856.0,7,-1
0.0,-0.5212994492608827,-0.8077845196721085,0.07760312775415254,-0.945803776332498,0,0,1,0,0,0,1,0,0,1,0,2184.0,3,-1
0.0,-0.5212994492608827,-0.8077845196721085,0.07760312775415254,-0.945803776332498,0,0,1,0,0,0,1,0,0,1,0,2184.0,3,-1
0.0,-0.5212994492608827,-0.8077845196721085,0.07760312775415254,-0.945803776332498,0,0,1,0,0,0,1,0,0,3,0,48.0,2,-1
0.0,-0.5212994492608827,-0.8077845196721085,0.07760312775415254,-0.945803776332498,0,0,1,0,0,0,1,0,0,3,0,48.0,2,-1
0.0,-0.5212994492608827,-0.8077845196721085,0.07760312775415254,-0.945803776332498,0,0,1,0,0,0,1,0,0,1,0,2160.0,3,-1
0.0,-0.5212994492608827,-0.8077845196721085,0.07760312775415254,-0.945803776332498,0,0,1,0,0,0,1,0,0,1,0,2160.0,3,-1
0.0,-0.5212994492608827,-0.8077845196721085,0.07760312775415254,-0.945803776332498,0,0,1,0,0,0,1,0,0,1,0,2184.0,3,-1
0.0,-0.5212994492608827,-0.8077845196721085,0.07760312775415254,-0.945803776332498,0,0,1,0,0,0,1,0,0,1,0,2184.0,3,-1
0.0,-0.5212994492608827,-0.8077845196721085,0.07760312775415254,-0.945803776332498,0,0,1,0,0,0,1,0,0,2,0,2184.0,3,-1
0.0,-0.5212994492608827,-0.8077845196721085,0.07760312775415254,-0.945803776332498,0,0,1,0,0,0,1,0,0,2,0,2184.0,3,-1
0.0,0.5247443643569099,-0.8077845196721085,0.47300954059673905,-0.945803776332498,0,0,1,0,0,0,1,0,0,3,0,3600.0,9,-1
0.0,0.5247443643569099,-0.8077845196721085,0.47300954059673905,-0.945803776332498,0,0,1,0,0,0,1,0,0,3,0,3600.0,9,-1
0.0,0.5247443643569099,0.5306542932170571,0.47300954059673905,-0.945803776332498,0,0,1,0,0,0,1,0,0,3,0,3600.0,9,-1
0.0,0.5247443643569099,0.5306542932170571,0.47300954059673905,-0.945803776332498,0,0,1,0,0,0,1,0,0,3,0,3600.0,9,-1
0.0,-1.1190387713281926,-0.8077845196721085,-2.0971321428800733,1.0701524799937427,0,0,1,0,0,0,1,0,0,2,0,2184.0,3,-1
0.0,-1.1190387713281926,-0.8077845196721085,-2.0971321428800733,1.0701524799937427,0,0,1,0,0,0,1,0,0,2,0,2184.0,3,-1
0.0,-1.1190387713281926,0.5306542932170571,-2.0971321428800733,1.0701524799937427,0,0,1,0,0,0,1,0,0,2,0,2184.0,3,-1
0.0,-1.1190387713281926,0.5306542932170571,-2.0971321428800733,1.0701524799937427,0,0,1,0,0,0,1,0,0,2,0,2184.0,3,-1
0.0,-1.1190387713281926,2.011228201280294,-2.0971321428800733,1.0701524799937427,0,0,1,0,0,0,1,0,0,2,0,2184.0,3,-1
0.0,-1.1190387713281926,2.011228201280294,-2.0971321428800733,1.0701524799937427,0,0,1,0,0,0,1,0,0,2,0,2184.0,3,-1
0.0,-0.2722413983995035,-0.8077845196721085,0.07760312775415254,-0.945803776332498,0,0,1,0,0,0,1,0,0,6,1,1224.0,8,-1
0.0,-0.2722413983995035,-0.8077845196721085,0.07760312775415254,-0.945803776332498,0,0,1,0,0,0,1,0,0,6,1,1224.0,8,-1
0.0,-0.2722413983995035,-0.8077845196721085,0.07760312775415254,-0.945803776332498,0,0,1,0,0,0,1,0,0,6,1,1224.0,8,-1
0.0,-0.2722413983995035,0.5306542932170571,0.07760312775415254,-0.945803776332498,0,0,1,0,0,0,1,0,0,6,1,1224.0,8,-1
0.0,-0.2722413983995035,0.5306542932170571,0.07760312775415254,-0.945803776332498,0,0,1,0,0,0,1,0,0,6,1,1224.0,8,-1
0.0,-0.2722413983995035,0.5306542932170571,0.07760312775415254,-0.945803776332498,0,0,1,0,0,0,1,0,0,6,1,1224.0,8,-1
0.0,-0.2722413983995035,-0.8077845196721085,0.07760312775415254,-0.945803776332498,0,0,1,0,0,0,1,0,0,2,0,240.0,2,-1
0.0,-0.2722413983995035,-0.8077845196721085,0.07760312775415254,-0.945803776332498,0,0,1,0,0,0,1,0,0,2,0,240.0,2,-1
0.0,-0.2722413983995035,-0.8077845196721085,0.07760312775415254,-0.945803776332498,0,0,1,0,0,0,1,0,0,2,0,240.0,2,-1
0.0,-0.2722413983995035,0.5306542932170571,0.07760312775415254,-0.945803776332498,0,0,1,0,0,0,1,0,0,2,0,240.0,2,-1
0.0,-0.2722413983995035,0.5306542932170571,0.07760312775415254,-0.945803776332498,0,0,1,0,0,0,1,0,0,2,0,240.0,2,-1
0.0,-0.2722413983995035,0.5306542932170571,0.07760312775415254,-0.945803776332498,0,0,1,0,0,0,1,0,0,2,0,240.0,2,-1
0.0,0.2856486355299859,-0.8077845196721085,-1.108616110773607,0.6669612287284945,0,0,1,0,0,0,1,0,0,2,0,1800.0,6,15
0.0,0.2856486355299859,-0.8077845196721085,-1.108616110773607,0.6669612287284945,0,0,1,0,0,0,1,0,0,2,0,1800.0,6,15
0.0,0.2856486355299859,-0.8077845196721085,-1.108616110773607,0.6669612287284945,0,0,1,0,0,0,1,0,0,2,0,1800.0,6,15
0.0,0.2856486355299859,-0.45244678173693176,-1.108616110773607,0.6669612287284945,0,0,1,0,0,0,1,0,0,2,0,1800.0,6,15
0.0,0.2856486355299859,-0.45244678173693176,-1.108616110773607,0.6669612287284945,0,0,1,0,0,0,1,0,0,2,0,1800.0,6,15
0.0,0.2856486355299859,-0.45244678173693176,-1.108616110773607,0.6669612287284945,0,0,1,0,0,0,1,0,0,2,0,1800.0,6,15
0.0,-0.13941043794010116,-0.8077845196721085,0.07760312775415254,-0.945803776332498,0,0,1,0,0,0,1,0,0,0,0,1104.0,8,16
0.0,-0.13941043794010116,-0.8077845196721085,0.07760312775415254,-0.945803776332498,0,0,1,0,0,0,1,0,0,0,0,1104.0,8,16
0.0,-0.13941043794010116,-0.8077845196721085,0.07760312775415254,-0.945803776332498,0,0,1,0,0,0,1,0,0,0,0,1104.0,8,16
0.0,-0.13941043794010116,-0.45244678173693176,0.07760312775415254,-0.945803776332498,0,0,1,0,0,0,1,0,0,0,0,1104.0,8,16
0.0,-0.13941043794010116,-0.45244678173693176,0.07760312775415254,-0.945803776332498,0,0,1,0,0,0,1,0,0,0,0,1104.0,8,16
0.0,-0.13941043794010116,-0.45244678173693176,0.07760312775415254,-0.945803776332498,0,0,1,0,0,0,1,0,0,0,0,1104.0,8,16
0.0,-0.13941043794010116,0.5306542932170571,0.07760312775415254,-0.945803776332498,0,0,1,0,0,0,1,0,0,0,0,3696.0,9,-1
0.0,-0.13941043794010116,0.5306542932170571,0.07760312775415254,-0.945803776332498,0,0,1,0,0,0,1,0,0,0,0,3696.0,9,-1
0.0,-0.13941043794010116,0.5306542932170571,0.07760312775415254,-0.945803776332498,0,0,1,0,0,0,1,0,0,0,0,3696.0,9,-1
0.0,-0.13941043794010116,2.011228201280294,0.07760312775415254,-0.945803776332498,0,0,1,0,0,0,1,0,0,0,0,3696.0,9,-1
0.0,-0.13941043794010116,2.011228201280294,0.07760312775415254,-0.945803776332498,0,0,1,0,0,0,1,0,0,0,0,3696.0,9,-1
0.0,-0.13941043794010116,2.011228201280294,0.07760312775415254,-0.945803776332498,0,0,1,0,0,0,1,0,0,0,0,3696.0,9,-1
0.0,1.9824814143238607,-0.8239961446275871,1.9861124986120136,0.0,1,0,0,0,1,0,0,0,0,0,0,1992.0,3,-1
0.0,1.9824814143238607,-0.20967854262721156,1.9861124986120136,0.0,1,0,0,0,1,0,0,0,0,0,0,1992.0,3,-1
0.0,1.9824814143238607,1.4899334895738274,1.9861124986120136,0.0,1,0,0,0,1,0,0,0,0,0,0,1992.0,3,-1
0.0,0.15249857033260467,-0.8239961446275871,0.21128856368212884,0.0,1,0,0,0,1,0,0,0,0,3,0,1728.0,6,-1
0.0,0.15249857033260467,-0.20967854262721156,0.21128856368212884,0.0,1,0,0,0,1,0,0,0,0,3,0,1728.0,6,-1
0.0,0.15249857033260467,1.4899334895738274,0.21128856368212884,0.0,1,0,0,0,1,0,0,0,0,3,0,1728.0,6,-1
0.0,0.15249857033260467,-0.8239961446275871,0.21128856368212884,0.0,1,0,0,0,1,0,0,0,0,2,0,1728.0,6,-1
0.0,0.15249857033260467,-0.20967854262721156,0.21128856368212884,0.0,1,0,0,0,1,0,0,0,0,2,0,1728.0,6,-1
0.0,0.15249857033260467,1.4899334895738274,0.21128856368212884,0.0,1,0,0,0,1,0,0,0,0,2,0,1728.0,6,-1
0.0,0.7624928516630234,-1.0646038720777342,0.7183811165192387,0.0,1,0,0,0,1,0,0,0,0,5,1,1080.0,8,-1
0.0,0.7624928516630234,-0.8239961446275871,0.7183811165192387,0.0,1,0,0,0,1,0,0,0,0,5,1,1080.0,8,-1
0.0,0.7624928516630234,-0.20967854262721156,0.7183811165192387,0.0,1,0,0,0,1,0,0,0,0,5,1,1080.0,8,-1
0.0,0.7624928516630234,1.4899334895738274,0.7183811165192387,0.0,1,0,0,0,1,0,0,0,0,5,1,1080.0,8,-1
0.0,-0.457495710997814,-0.8239961446275871,-0.5493502655735361,0.0,1,0,0,0,1,0,0,0,0,1,0,1152.0,8,-1
0.0,-0.457495710997814,-0.20967854262721156,-0.5493502655735361,0.0,1,0,0,0,1,0,0,0,0,1,0,1152.0,8,-1
0.0,-0.457495710997814,1.4899334895738274,-0.5493502655735361,0.0,1,0,0,0,1,0,0,0,0,1,0,1152.0,8,-1
0.0,-1.0674899923282326,-1.0646038720777342,-1.056442818410646,0.0,1,0,0,0,1,0,0,0,0,0,0,1536.0,0,-1
0.0,-1.0674899923282326,-0.8239961446275871,-1.056442818410646,0.0,1,0,0,0,1,0,0,0,0,0,0,1536.0,0,-1
0.0,-1.0674899923282326,-0.20967854262721156,-1.056442818410646,0.0,1,0,0,0,1,0,0,0,0,0,0,1536.0,0,-1
0.0,-1.0674899923282326,1.4899334895738274,-1.056442818410646,0.0,1,0,0,0,1,0,0,0,0,0,0,1536.0,0,-1
0.0,-1.0674899923282326,-1.0646038720777342,-1.056442818410646,0.0,1,0,0,0,1,0,0,0,0,6,1,1536.0,0,-1
0.0,-1.0674899923282326,-0.8239961446275871,-1.056442818410646,0.0,1,0,0,0,1,0,0,0,0,6,1,1536.0,0,-1
0.0,-1.0674899923282326,-0.20967854262721156,-1.056442818410646,0.0,1,0,0,0,1,0,0,0,0,6,1,1536.0,0,-1
0.0,-1.0674899923282326,1.4899334895738274,-1.056442818410646,0.0,1,0,0,0,1,0,0,0,0,6,1,1536.0,0,-1
